  0,  4, 60887, 3822, 2309565,    3822, 2305742, 0.3991486, 0.2903918,
  1,  9, 23052,   13,  145889,   81640,   64248, 0.0154956, 2.3720457,
  2,  5,  9827, 1392, 2537212,  811536, 1725675, 0.3622742, 0.3222948,
  3, 14,  4349,   14,  615886,   12978,  602907, 0.1155319, 0.2632125,
  4, 13, 25343,  465, 1063295,  579855,  483439, 0.1410089, 0.5777342,
  5, 14, 63725, 2746, 1987712,       0, 1987711, 0.2803695, 0.1723510,
  6,  4, 16692,  275,  838125,  362450,  475674, 0.1158293, 0.5024417,
  7,  4, 17611, 7148, 1624455,       0, 1624454, 0.3038499, 0.1509284,
  8,  6,  4797,  674, 1793040,  895072,  897967, 0.2366339, 0.5261569,
  9,  4,  4323,  216,  823090,  132624,  690465, 0.1426858, 0.2390367,
 10,  9,  8914, 3754, 1534236,       0, 1534235, 0.3177496, 0.1431128,
 11, 20, 28008,   47,  229092,  156322,   72769, 0.0217574, 2.0796806,
 12,  8,  7721,   17,  401869,   45917,  355951, 0.0971974, 0.6440646,
 13,  7,  8239, 2825, 1897335,       0, 1897334, 0.3423992, 0.1497756,
 14, 15, 58777,  113,  438966,  275155,  163810, 0.0436392, 1.9946115,
 15, 17, 29892,   31,  181261,  120776,   60484, 0.0167221, 1.2361061,
 16, 13, 10453,  211,  710783,  426431,  284351, 0.0686420, 0.9086287,
 17,  9,  7428, 5961, 2661675,       0, 2661674, 0.4078080, 0.1384385,
 18,  4, 27695,  591, 1439333,  530127,  909205, 0.2057377, 0.4439704,
 19, 19, 52006,   31,  166771,  114452,   52318, 0.0171511, 1.5742102,
 20, 18,  8754,  973, 1384014,  537096,  846917, 0.2145783, 0.2534719,
 21,  8,  9327, 3484, 2632179,    3484, 2628694, 0.3979755, 0.1794550,
 22,  5, 18520,  145,  822190,  409480,  412709, 0.1130157, 1.3583030,
 23,  6,  5906,  162,  931468,  261792,  669675, 0.1596111, 0.4104084,
 24, 13, 11754,   88,  398871,  253000,  145870, 0.0503192, 1.3339397,
 25,  9, 56437,  108,  512331,  310716,  201614, 0.0551091, 1.3889705,
 26, 15, 31152,   19,  129574,   87115,   42458, 0.0128908, 1.8523872,
 27,  5, 21437, 4044, 2281094,       0, 2281093, 0.3548183, 0.1511148,
 28, 16,  6032,  368,  756167,  321264,  434902, 0.0998673, 0.6224011,
 29, 16, 14852,   26,  163057,  111488,   51568, 0.0179071, 2.3741394,
 30, 17, 16001, 3850, 2179899,       0, 2179898, 0.3382563, 0.1617833,
 31,  9, 19673, 1768, 1713571,  129064, 1584506, 0.2804279, 0.2080589,
 32, 13,  6266,  536, 1127950,  638376,  489573, 0.1565036, 0.4520871,
 33, 14, 24354,   10,  100086,   53120,   46965, 0.0122091, 1.6835528,
 34,  5, 20262,  871, 1192413,  292656,  899756, 0.1951213, 0.3272389,
 35,  4, 37391,   73,  441348,  228271,  213076, 0.0687554, 1.9111380,
 36,  9,  4971, 5464, 1671756,       0, 1671755, 0.3863476, 0.1559963,
 37,  4,  8863,  685, 1484901,  465800, 1019100, 0.2201103, 0.4749482,
 38,  5,  8509, 1422, 2072179,  629946, 1442232, 0.2854767, 0.2533001,
 39, 13,  4582,  597, 1146444,  491928,  654515, 0.1639638, 0.3889069,
 40, 20,  4244, 6407, 1028458,       0, 1028457, 0.2207184, 0.1420873,
 41, 10,  4826,  789, 1495644,  783477,  712166, 0.2004124, 0.4332255,
 42, 18, 23398,   10,   84599,   45770,   38828, 0.0109230, 1.4589123,
 43, 10, 27100,  232,  800293,  462840,  337452, 0.0989268, 0.9267156,
 44, 11, 33224,   33,  231899,  150546,   81352, 0.0255080, 2.2300037,
 45,  9, 37196, 2348, 2270245,  328720, 1941524, 0.3129270, 0.2290960,
 46,  4, 34893, 2817, 2570274,  515511, 2054762, 0.3922226, 0.2208255,
 47, 14, 14522, 4240, 1308015,       0, 1308014, 0.2592624, 0.1503674,
 48,  6, 56004,   89,  618425,  351105,  267319, 0.0875372, 2.2153864,
 49,  8, 34514,   40,  278899,  173680,  105218, 0.0300226, 2.3594139,
 50,  7,  6864,  646, 1287309,  390830,  896478, 0.2133128, 0.4076354,
 51, 10, 10464,  315,  849516,  474705,  374810, 0.1086753, 0.6280697,
 52, 19, 10174,  291,  721931,  422241,  299689, 0.0953725, 0.9140963,
 53, 11, 26998,  176,  592990,  333520,  259469, 0.0687175, 0.8684950,
 54, 16,  5567,   16,  593701,   15536,  578164, 0.1330285, 0.2848563,
 55, 18, 27450,   30,  169630,  116400,   53229, 0.0202735, 1.4728971,
 56, 13, 10382,   18,  174457,   65304,  109152, 0.0222365, 1.0396715,
 57,  5, 17939, 1717, 1946206,  540855, 1405350, 0.2793678, 0.2367811,
 58, 20,  4644,   27,  526617,   26865,  499751, 0.1064386, 0.2802682,
 59, 14,  5624,   14,  474311,   13958,  460352, 0.0993333, 0.2914808,
 60, 16,  5520, 4453, 1999880,       0, 1999879, 0.3159311, 0.1526055,
 61, 12, 19528,   64,  335030,  212928,  122101, 0.0369650, 2.0695489,
 62, 11, 35357, 3332, 2367472,       0, 2367471, 0.3665677, 0.1615150,
 63, 13, 10965, 3247, 1759080,       0, 1759079, 0.2984738, 0.1468747,
 64,  5, 11069, 2365, 1575679,    7095, 1568583, 0.3263282, 0.1949934,
 65, 11,  5546, 2297, 2291232,  461697, 1829534, 0.3262107, 0.2233491,
 66, 16,  8813,   24,  204153,   67584,  136568, 0.0304410, 0.7460281,
 67, 12, 61574, 5404, 2619590,       0, 2619589, 0.3787692, 0.1872184,
 68,  4, 27990,  167,  603416,  314294,  289121, 0.0912518, 1.0035640,
 69,  7,  4932,  726, 1500085,  771738,  728346, 0.1903217, 0.4395113,
 70, 12, 11649,  110,  466059,  291390,  174668, 0.0485861, 1.3723958,
 71, 11, 18971,  115,  516212,  315790,  200421, 0.0675879, 1.4082287,
 72, 10,  6017, 1631, 1555863,  187565, 1368297, 0.2557951, 0.2127253,
 73, 17,  6102,  975, 1499234,  721500,  777733, 0.1968261, 0.4164817,
 74,  4, 53789, 2643, 3056032,  795543, 2260488, 0.4574966, 0.2742488,
 75, 18, 21810, 1697, 1781237,  492130, 1289106, 0.2548993, 0.2557674,
 76, 13, 10118,   10,  162634,   36520,  126113, 0.0316704, 1.0346927,
 77,  4,  9480, 1868, 2059924,  367996, 1691927, 0.3250803, 0.2161412,
 78, 13,  8178,   94,  435472,  282658,  152813, 0.0467457, 1.5042016,
 79,  7, 18619,   18,  208946,  108756,  100189, 0.0289258, 2.2796602,
 80, 18, 22724,  170,  528279,  338300,  189978, 0.0547291, 0.8286810,
 81,  7, 43379,   93,  518187,  295275,  222911, 0.0566882, 1.6059939,
 82, 15, 25351,  100,  420407,  275200,  145206, 0.0419913, 2.2406604,
 83,  9, 17875,   26,  201381,  126958,   74422, 0.0276590, 2.2773530,
 84, 12, 19928,  160,  582711,  337920,  244790, 0.0681657, 0.9430451,
 85,  8, 43014,  140,  635620,  363300,  272319, 0.0650774, 1.1473681,
 86,  4,  5759, 3537, 1971772,       0, 1971771, 0.3236773, 0.1753511,
 87, 10, 43043, 1805, 1476447,   21660, 1454786, 0.2816371, 0.2172571,
 88, 12,  6525,  107,  563118,  200946,  362171, 0.0824533, 0.5288268,
 89, 16,  6450,   47,  333563,   87655,  245907, 0.0552185, 0.4931157,
 90,  7,  5048, 1286, 2095054,  833328, 1261725, 0.3149265, 0.4063695,
 91, 12, 21888,   94,  431098,  266208,  164889, 0.0525672, 2.1682328,
 92, 19, 29145,   26,  149864,  103714,   46149, 0.0121755, 1.7388206,
 93, 16, 12169, 1188, 1809918, 1010988,  798929, 0.2217102, 0.3431136,
 94,  4,  5549,   60, 1251221,  101880, 1149340, 0.1910278, 0.4766350,
 95, 10,  7463,   16,  427574,   29920,  397653, 0.0822011, 0.5218976,
 96, 14, 15629,   17,  130157,   84116,   46040, 0.0126789, 1.8819052,
 97, 11, 19439, 1846, 1853539,  119990, 1733548, 0.3197281, 0.2296721,
 98, 14, 42740, 2205, 2420505,  560070, 1860434, 0.3196621, 0.2463495,
 99, 13, 13822,  263,  785979,  424482,  361496, 0.1000282, 0.9839185,
100, 13, 59879,  649, 1266171,  673013,  593157, 0.1597910, 0.4493534,
101,  5, 12798,  154,  821982,  380534,  441447, 0.1155965, 1.3901317,
102, 12, 38204, 2022, 2512421,  954384, 1558036, 0.3166410, 0.3013034,
103, 11,  4631,   11,  696560,   10857,  685702, 0.1412489, 0.2689437,
104, 14, 16098,  375,  911373,  499125,  412247, 0.1192546, 0.6682351,
105,  6, 32414, 6991, 2611254,       0, 2611253, 0.3834734, 0.1559422,
106,  7, 13040,   28,  252372,  148932,  103439, 0.0341643, 2.3027530,
107, 11,  7935,   20,  275733,   54260,  221472, 0.0553880, 0.6772814,
108,  4,  5864, 2444, 2141944,  112424, 2029519, 0.3153899, 0.2027368,
109,  5,  5163,   17,  765205,   16303,  748901, 0.1294892, 0.2875350,
110, 17, 12924, 3889, 1321383,       0, 1321382, 0.2996209, 0.1454426,
111, 17, 14201,  104,  404777,  251368,  153408, 0.0399879, 1.4755644,
112,  9,  6318,   53,  560754,   95135,  465618, 0.1084402, 0.4411396,
113, 11, 17522,  201,  625445,  366825,  258619, 0.0807344, 0.9143845,
114, 10, 57626,  334,  904919,  531060,  373858, 0.1281944, 0.6651748,
115,  8, 11671,   13,  187757,   55042,  132714, 0.0344759, 1.2445390,
116, 13, 10869, 7539, 2405557,       0, 2405556, 0.3894381, 0.1368370,
117, 16,  4532,   36,  627374,   36000,  591373, 0.1167682, 0.2661886,
118, 10, 19518, 5277, 2012305,       0, 2012304, 0.3403547, 0.1460422,
119, 13, 51179,   34,  210222,  140930,   69291, 0.0204730, 2.3674564,
120, 10,  5927,   23,  469267,   43539,  425727, 0.0848358, 0.4689439,
121, 11, 13654, 2625, 1965833,       0, 1965832, 0.2902867, 0.1605164,
122, 16,  7624,  179,  544123,  330971,  213151, 0.0535936, 0.7713411,
123, 17,  8237, 5354, 2262461,       0, 2262460, 0.3761348, 0.1418184,
124,  4, 13926, 5533, 2390595,       0, 2390594, 0.4392907, 0.1413746,
125, 14, 16290,   40,  227590,  151480,   76109, 0.0233076, 1.6627740,
126, 16, 20013,  134,  462356,  292522,  169833, 0.0497547, 1.2790763,
127, 18, 23078,   48,  234478,  158928,   75549, 0.0237833, 1.3982515,
128, 13, 10877,   18,  147402,   78264,   69137, 0.0167311, 1.4337012,
129, 13, 10518,   35,  230641,  140630,   90010, 0.0245327, 1.4983248,
130, 17, 19743, 7829, 2563473,       0, 2563472, 0.3384440, 0.1612042,
131, 13, 16818,  194,  664644,  396730,  267913, 0.0666231, 0.9294952,
132, 18,  5844,  349,  759678,  435552,  324125, 0.0925791, 0.7639892,
133, 13,  6675,  293,  832981,  478762,  354218, 0.0831486, 0.6448531,
134, 16, 26546,  252,  705554,  392112,  313441, 0.0899003, 0.7154172,
135, 18, 63879,   33,  177359,  122199,   55159, 0.0174885, 1.5123735,
136, 17, 17681, 4344, 2514926,       0, 2514925, 0.3501315, 0.1457913,
137,  9, 19039, 4768, 2172463,       0, 2172462, 0.3416150, 0.1457352,
138,  5, 18961,  249, 1185276,  581664,  603611, 0.1495912, 1.1352946,
139, 20, 35737,   43,  209706,  146931,   62774, 0.0198186, 2.0373816,
140, 13, 20426,  501, 1129547,  533064,  596482, 0.1493444, 0.4196428,
141,  6,  6393, 7396, 1626721,       0, 1626720, 0.2721324, 0.1407481,
142,  9, 63884,  328,  996732,  548088,  448643, 0.1357866, 0.7150959,
143,  4, 30525,  562, 1674528,  682268,  992259, 0.2252227, 0.5256531,
144, 18, 45097,   97,  365776,  240754,  125021, 0.0327635, 1.4498628,
145, 13, 39652, 2419, 1760232,    2419, 1757812, 0.2782183, 0.2220889,
146,  7, 29137,  713, 1281758,  522629,  759128, 0.2084933, 0.3704689,
147,  8, 29528,   30,  267159,  166710,  100448, 0.0278250, 2.2486789,
148,  4, 12412, 1240, 1848916,  460040, 1388875, 0.2848357, 0.3277448,
149, 16,  5269,  391,  932048,  474674,  457373, 0.1197081, 0.6308686,
150,  9,  5873,  159,  844810,  293037,  551772, 0.1141663, 0.4788363,
151,  4, 30024,  140,  647835,  363020,  284814, 0.0986746, 1.3818086,
152, 19,  5901,   48,  293920,   89472,  204447, 0.0438075, 0.4728531,
153,  8,  8240,   94,  482851,  291682,  191168, 0.0557698, 1.4824211,
154,  5,  7787, 3295, 1718382,       0, 1718381, 0.3175971, 0.1487268,
155,  9, 45316,  582, 1277351,  626232,  651118, 0.1837792, 0.4649030,
156, 11, 10813,   16,  152326,   69056,   83269, 0.0190923, 1.3124165,
157, 10, 11427,   28,  212608,  126224,   86383, 0.0258597, 1.6983543,
158,  6,  6162,  362, 1093260,  547706,  545553, 0.1409953, 0.5626697,
159,  7,  8179,   17,  423072,   45237,  377834, 0.0823274, 0.6882555,
160, 12, 31827, 3651, 1776534,       0, 1776533, 0.2975524, 0.1519150,
161, 18,  4034,   14,  571461,   13804,  557656, 0.1058362, 0.2593347,
162, 20, 61226,  832, 1330511,  640640,  689870, 0.1755706, 0.4561737,
163,  7,  7070,  341, 1097635,  557876,  539758, 0.1507994, 0.7562957,
164, 13,  5662,   12,  569587,   11412,  558174, 0.1093234, 0.3126335,
165, 14, 24061,  627, 1212556,  643302,  569253, 0.1672342, 0.4741893,
166, 14,  7523,   34,  253696,   91868,  161827, 0.0434654, 0.7340732,
167, 19, 28993, 3085, 2451458,       0, 2451457, 0.3250161, 0.1689674,
168,  9, 47296,   22,  219582,  134552,   85029, 0.0214111, 2.3535479,
169, 14,  8450,   74,  354951,  228438,  126512, 0.0361028, 1.6679634,
170,  7,  5320,   17, 1026319,   12835, 1013483, 0.1993527, 0.2872372,
171, 19, 46719,  147,  465050,  294441,  170608, 0.0475405, 2.0343297,
172, 10, 18813, 1488, 1800880,  568416, 1232463, 0.2758212, 0.3000032,
173, 15, 23551, 3322, 1604498,       0, 1604497, 0.3498521, 0.1654425,
174,  5, 58642,  272,  978134,  480352,  497781, 0.1266920, 0.8165678,
175,  4, 14660, 9318, 1091043,       0, 1091042, 0.2170430, 0.1627839,
176,  4, 19921,  915,  855604,   52155,  803448, 0.1415935, 0.2356944,
177, 17, 52450, 1238, 1041636,  154750,  886885, 0.1915601, 0.2482346,
178, 15, 19996, 5157, 1900363,       0, 1900362, 0.3689028, 0.1444624,
179, 18,  5683, 1408, 1656857,  471680, 1185176, 0.2562414, 0.2749825,
180, 13, 10662,   95,  433054,  273315,  159738, 0.0406503, 1.4781520,
181, 17, 25361, 2343, 1856183,   72633, 1783549, 0.3069919, 0.1990589,
182, 20, 26319, 1160, 1460952,  472120,  988831, 0.2145589, 0.2941647,
183, 13,  9197,   14,  200712,   38710,  162001, 0.0469723, 0.7683282,
184, 16, 29630,   56,  267781,  180376,   87404, 0.0236194, 2.2002005,
185, 14,  7171, 4248, 2281593,       0, 2281592, 0.3623763, 0.1490581,
186,  7, 59346, 7617, 3230995,       0, 3230994, 0.4703245, 0.1657302,
187,  5, 56826, 9879, 1885171,       0, 1885170, 0.3470545, 0.1635073,
188, 11,  6063, 2147, 2304717,  710657, 1594059, 0.3099531, 0.2597724,
189, 20, 39419,  241,  610910,  359090,  251819, 0.0706338, 0.9313935,
190, 12, 20865, 8903, 2479075,       0, 2479074, 0.3980860, 0.1466500,
191, 16,  6273,  163,  553415,  338388,  215026, 0.0547697, 1.1941955,
192, 17, 11530, 3419, 1542546,       0, 1542545, 0.3223462, 0.1488560,
193,  5, 17440,   57,  457429,  253422,  204006, 0.0616250, 2.2791346,
194,  6, 17393,  109,  609678,  340080,  269597, 0.0810330, 1.6199908,
195, 11, 60221, 1133, 1844503, 1037828,  806674, 0.2716460, 0.4809793,
196,  5, 16947, 9064, 2772098,       0, 2772097, 0.4322890, 0.1772850,
197,  9,  5313, 2987, 2410179,  164285, 2245893, 0.4193096, 0.2311191,
198, 12, 14047, 1982, 2007283,  408292, 1598990, 0.3244428, 0.2323094,
199, 11, 27405,  781, 1581008,  851290,  729717, 0.2111531, 0.4851038,
200, 17, 17196, 2624, 1780724,       0, 1780723, 0.3168665, 0.1484969,
201, 20,  4782,  194,  675280,  190702,  484577, 0.0987502, 0.3038617,
202, 11,  9203,   23,  211365,   80454,  130910, 0.0343026, 1.0568042,
203, 14, 37328, 1335, 1930263, 1014600,  915662, 0.2680891, 0.3136043,
204,  9, 30203,   24,  210462,  130728,   79733, 0.0208646, 2.4554578,
205, 16,  7619,   61,  304597,  160064,  144532, 0.0403825, 0.7562830,
206,  6,  5325, 5037, 3586520,       0, 3586519, 0.5417797, 0.1550613,
207, 15, 33014,  344,  870260,  519440,  350819, 0.1136673, 0.8321414,
208, 14, 36223, 4173, 1872499,       0, 1872498, 0.3398679, 0.1833066,
209,  6, 16710, 3213, 2009766,       0, 2009765, 0.3135096, 0.1881732,
210,  7,  4085, 1006, 1930739,  990910,  939828, 0.2737361, 0.4752999,
211,  6, 34471, 2678, 2471696,  281190, 2190505, 0.3955174, 0.2198834,
212,  7, 57917,  124,  618405,  339636,  278768, 0.0825410, 1.4683274,
213, 12, 13197,   59,  313655,  202016,  111638, 0.0324450, 2.1608872,
214, 10, 11412,  164,  653580,  363424,  290155, 0.0867100, 1.3032520,
215, 19,  5569,  289,  711045,  414715,  296329, 0.0887995, 0.9265110,
216,  4, 50741, 1823, 2537052,  614351, 1922700, 0.3640588, 0.2867177,
217, 19, 23574, 1394, 1671362,  656574, 1014787, 0.2098788, 0.3263912,
218, 20, 23661, 2505, 2158146,   15030, 2143115, 0.3053638, 0.2171542,
219, 19,  7878, 7560, 1980608,       0, 1980607, 0.4155340, 0.1659096,
220, 18, 22039,  150,  482969,  311250,  171718, 0.0536225, 1.7383075,
221, 16, 30347,  122,  479319,  314882,  164436, 0.0475351, 1.3701577,
222,  5, 34997, 8988, 3156983,       0, 3156982, 0.4727542, 0.1664247,
223,  8, 29662,  116,  607977,  356352,  251624, 0.0891306, 1.9046653,
224, 20, 38401,  316,  753458,  447772,  305685, 0.0754269, 1.1483314,
225, 18, 12033, 6225, 2041655,       0, 2041654, 0.3106817, 0.1624262,
226,  6, 29966, 8669, 2567275,       0, 2567274, 0.5294798, 0.2054180,
227,  4,  9300,  216,  969986,  449280,  520705, 0.1259822, 1.1626281,
228, 17,  5444, 4220, 2514538,       0, 2514537, 0.3468539, 0.1793712,
229,  9, 10315,  178,  715944,  407620,  308323, 0.0990866, 1.3468662,
230, 14, 24608,   23,  157428,  106904,   50523, 0.0136766, 2.0691658,
231,  9, 24015, 2345, 1577772,   75040, 1502731, 0.3387988, 0.2475402,
232, 12,  8905,   39,  334793,  105339,  229453, 0.0556969, 0.8207273,
233, 20, 24819,  767, 1124519,  441792,  682726, 0.1510491, 0.5266292,
234, 17, 20201,  122,  434669,  269254,  165414, 0.0441529, 1.7344018,
235, 12, 62524,  910, 1384028,  566930,  817097, 0.1875956, 0.3316412,
236, 19, 24976,   56,  257636,  173432,   84203, 0.0247118, 1.9471983,
237, 13, 41721, 3100, 1754392,       0, 1754391, 0.3101800, 0.1795988,
238, 15, 10488,  608, 1158040,  544160,  613879, 0.1491216, 0.4938089,
239,  9, 17374,   22,  198066,  119438,   78627, 0.0217933, 2.2795833,
240, 13, 11531, 1335, 1948553, 1292280,  656272, 0.2357457, 0.3433122,
241, 15,  5401,  118,  645760,  113516,  532243, 0.1409101, 0.3436132,
242,  6, 16999, 8004, 3369615,       0, 3369614, 0.4804283, 0.1944295,
243, 13, 18981,   30,  197953,  131670,   66282, 0.0190495, 2.2884419,
244,  5,  6807,   97, 1151553,  169944,  981608, 0.1854088, 0.5513202,
245,  9, 18623,  196,  659952,  348292,  311659, 0.0777216, 0.8948735,
246,  8, 46081,  558, 1575521,  868248,  707272, 0.1825754, 0.7580915,
247, 11,  5890, 2929, 1957881,       0, 1957880, 0.3207069, 0.1558174,
248, 18, 16123,  890, 1372216,  843720,  528495, 0.1822052, 0.5287937,
249,  6,  5581,   20,  724869,   35580,  689288, 0.1327725, 0.4564272,
250, 11,  9855,  935, 1542837,  719015,  823821, 0.2080124, 0.4109132,
251,  8, 53742,  149,  654866,  355514,  299351, 0.0956391, 1.1784013,
252, 14,  9624,   30,  204243,  102150,  102092, 0.0257236, 1.2086812,
253, 20, 17463, 2003, 1810476,   74111, 1736364, 0.2591412, 0.2268869,
254, 20,  5616,   14,  441972,   13846,  428125, 0.1106468, 0.2965463,
255, 15, 58434,   27,  167359,  116181,   51177, 0.0147519, 2.3754983,
256, 20,  6829, 5957, 1643502,       0, 1643501, 0.2888413, 0.1537380,
257, 19,  5323, 5179, 2646364,       0, 2646363, 0.3357624, 0.1610698,
258,  8, 34380,  166,  722815,  414502,  308312, 0.0847013, 1.5043098,
259,  7, 48690,  146,  657084,  365146,  291937, 0.0841600, 1.4088641,
260,  8, 18900, 6201, 3066560,       0, 3066559, 0.4669644, 0.1733656,
261, 20, 11898,  108,  390534,  250560,  139973, 0.0483507, 2.2099181,
262, 15, 14353,   27,  164841,  107055,   57785, 0.0167935, 2.2382040,
263,  4,  6533, 4896, 2700431,       0, 2700430, 0.4627941, 0.1527344,
264, 19,  6987,  258,  706641,  452790,  253850, 0.0737951, 1.1017460,
265, 10, 12789,  345, 1053269,  619275,  433993, 0.1216558, 0.7220477,
266, 14, 59773,   94,  398487,  253330,  145156, 0.0515834, 1.8876191,
267,  7,  7339, 9196, 2444312,       0, 2444311, 0.3511417, 0.2011511,
268,  7,  8840,  203,  797600,  417774,  379825, 0.1071639, 0.9044256,
269, 14,  5683,  217,  684790,  366730,  318059, 0.0742632, 0.4971444,
270,  6, 15134, 4554, 2294542,       0, 2294541, 0.3894121, 0.1679382,
271, 12,  8747,  217,  766982,  470673,  296308, 0.0998978, 1.0607768,
272, 13,  7639,   17,  176752,   46733,  130018, 0.0286880, 0.8224638,
273, 16,  5097,   90,  738232,   90000,  648231, 0.1150559, 0.3377989,
274, 20, 26549, 8732, 2129505,       0, 2129504, 0.3741651, 0.1951297,
275, 11, 34191,   33,  240278,  156717,   83560, 0.0251644, 2.2666991,
276,  4, 12179, 8942, 2662303,       0, 2662302, 0.4471158, 0.1646432,
277,  4, 15937,   12,  265110,   74376,  190733, 0.0440377, 2.2993599,
278,  8, 16115, 1402, 2390509, 1281428, 1109080, 0.3066282, 0.5127528,
279, 19, 28777, 3668, 2941911,    3668, 2938242, 0.3872528, 0.2221047,
280,  8,  9008,   17,  226805,   58463,  168341, 0.0433893, 1.0767654,
281, 15, 56432,  449, 1017522,  596721,  420800, 0.1126595, 0.5747190,
282, 13, 61258, 5467, 1374018,       0, 1374017, 0.2744156, 0.1983988,
283,  8,  4756,  628, 1260943,  462836,  798106, 0.1705836, 0.3769802,
284,  7, 20874, 3190, 2506361,       0, 2506360, 0.3562038, 0.1517497,
285, 19, 15077, 3777, 1865604,       0, 1865603, 0.2963853, 0.1575330,
286, 13, 38821,   88,  391264,  249480,  141783, 0.0382925, 1.5236681,
287, 15, 28155, 1218, 1888905, 1125432,  763472, 0.2419094, 0.4674583,
288,  9, 22883,  934, 1406133,  554796,  851336, 0.2183627, 0.3641707,
289, 20,  4003,   31,  518779,   30752,  488026, 0.0902457, 0.3021281,
290, 11, 14361, 8434, 3082221,       0, 3082220, 0.4375757, 0.1957561,
291,  5, 28920,   13,  250724,   83733,  166990, 0.0419275, 2.3413693,
292,  6,  9248,   46,  417475,  147936,  269538, 0.0597894, 1.0244892,
293, 16, 54687,   10,   91717,   53110,   38606, 0.0110568, 2.2265494,
294, 11, 46369, 2368, 2489297,  113664, 2375632, 0.3657275, 0.2428633,
295, 16,  9608,  125,  470305,  308875,  161429, 0.0536867, 1.3223985,
296, 18,  4630, 1112, 1547785,  567120,  980664, 0.2152227, 0.3928579,
297,  4, 10503,  169,  687967,  294229,  393737, 0.1020135, 0.8962878,
298, 19,  6714,  133,  460875,  291802,  169072, 0.0478849, 1.9737501,
299, 13, 14234,  294,  817468,  454818,  362649, 0.0947303, 0.7344665,
300, 18,  4179,  903, 1490140,  892164,  597975, 0.1801708, 0.4672720,
301, 19, 26624, 7720, 2828923,       0, 2828922, 0.3711300, 0.1773400,
302,  5,  5093, 9465, 2397788,       0, 2397787, 0.3602627, 0.1461177,
303, 11, 61535, 5160, 2247669,       0, 2247668, 0.3768794, 0.1717023,
304, 13,  8923,   14,  216089,   39046,  177042, 0.0499554, 0.7352412,
305, 18, 51744, 5056, 1519415,       0, 1519414, 0.2658048, 0.1891387,
306, 11, 37676,  552, 1304751,  626520,  678230, 0.1893770, 0.6132156,
307, 16,  7158, 9235, 1387724,       0, 1387723, 0.2935233, 0.1539355,
308,  4,  8413, 1300, 2377889,  854100, 1523788, 0.3367910, 0.4033066,
309,  6, 10077,   59,  453057,  221250,  231806, 0.0671333, 1.2842724,
310,  8, 10543,   15,  248483,   52500,  195982, 0.0519738, 1.0634470,
311, 12, 43430,  357,  994441,  559062,  435378, 0.1275973, 0.7093079,
312, 12,  9567, 1876, 2142294,  472752, 1669541, 0.3082083, 0.2594524,
313, 11, 14306,  478, 1083044,  553524,  529519, 0.1471526, 0.5944198,
314, 12,  4298,  261,  996972,  253692,  743279, 0.1949967, 0.3034330,
315,  6, 54399,   18,  257164,  115326,  141837, 0.0379499, 2.3811506,
316, 11,  5022, 2920, 2225692,    5840, 2219851, 0.3653310, 0.2284865,
317,  6, 24179,   80,  583256,  332320,  250935, 0.0697561, 2.2734491,
318, 12, 26303, 1910, 2538389, 1306440, 1231948, 0.3248912, 0.3250336,
319, 20,  4008,   58,  502263,   57594,  444668, 0.0955887, 0.2824626,
320, 17, 26172, 1695, 1751302,  469515, 1281786, 0.2485316, 0.2687690,
321, 12,  5506, 6244, 1445179,       0, 1445178, 0.2839998, 0.1451738,
322, 14,  6291, 1492, 1812063,  501312, 1310750, 0.2720074, 0.2755611,
323, 14, 17519,  205,  677456,  419020,  258435, 0.0697547, 1.5004170,
324, 15, 24097,  468, 1029996,  606060,  423935, 0.1422192, 0.7678690,
325,  7, 20666,   53,  363565,  215233,  148331, 0.0368260, 2.3808291,
326, 17, 12521, 1961, 2354642,  766751, 1587890, 0.2956978, 0.4117020,
327, 14,  4057, 5338, 2183587,       0, 2183586, 0.2984679, 0.2159821,
328, 12, 13204, 6498, 2599607,       0, 2599606, 0.3715823, 0.2320487,
329,  7, 12432,   69,  439055,  251643,  187411, 0.0474650, 2.2887850,
330,  4, 19672,  182, 1045608,  512694,  532913, 0.1342483, 1.9246080,
331,  5,  7847, 1769, 2811782, 1050786, 1760995, 0.3888222, 0.4899792,
332, 10, 21214,   28,  213666,  128464,   85201, 0.0206854, 2.3337718,
333,  4, 19691, 1251, 2292997,  656775, 1636221, 0.3477987, 0.5670287,
334,  8,  7525,  126,  610786,  331380,  279405, 0.0786390, 2.2579254,
335, 16, 17984,   32,  176059,  118720,   57338, 0.0161502, 2.2999223,
336, 17, 19886,   76,  321792,  204364,  117427, 0.0381844, 1.6988264,
337,  5, 11509,  952, 1664143,  718760,  945382, 0.2582592, 0.4084799,
338, 18, 56962,  417,  897616,  521667,  375948, 0.1130131, 0.6209575,
339,  4, 30468,   22,  330836,  126852,  203983, 0.0524981, 2.2703394,
340, 13,  6105,  109,  485053,  191622,  293430, 0.0812972, 0.4541100,
341,  6,  9182,   79,  518254,  276342,  241911, 0.0685793, 1.1226687,
342,  4,  5639,   37,  809078,   60606,  748471, 0.1441824, 0.4094781,
343,  7, 40389,   23,  235672,  133308,  102363, 0.0320225, 2.2534928,
344, 17, 13666,   76,  327486,  213180,  114305, 0.0309699, 1.2787420,
345,  7, 12917,   11,  201151,   55495,  145655, 0.0341815, 2.2406658,
346,  4, 11858,   38,  380521,  185706,  194814, 0.0456342, 2.2606851,
347, 14, 22608, 6252, 2698376,       0, 2698375, 0.3723468, 0.2131906,
348, 20,  6749,   20,  234469,   38500,  195968, 0.0418607, 0.6575103,
349, 19,  4970,  103,  623342,   99395,  523946, 0.0996787, 0.4306358,
350,  7, 36924,  193,  717706,  367472,  350233, 0.0998834, 1.4929746,
351, 15, 32067,  534, 1107172,  653082,  454089, 0.1427802, 0.7744891,
352, 20, 19204,  177,  531437,  330459,  200977, 0.0676167, 2.1896347,
353, 19,  8601,   27,  184172,   75222,  108949, 0.0242719, 1.2847012,
354, 10, 25933,   91,  484044,  305851,  178192, 0.0567338, 2.2667392,
355, 11,  6966,  218,  715870,  405480,  310389, 0.0940512, 1.6280629,
356,  7, 10839, 1166, 1590602,  341638, 1248963, 0.2698260, 0.5310461,
357, 14,  5073,   11,  562692,    9042,  553649, 0.1417531, 0.4565351,
358, 15, 27049,   50,  265165,  176100,   89064, 0.0273567, 2.2703749,
359,  5, 18606,   15,  267432,   83925,  183506, 0.0399412, 2.2954093,
360, 14, 31409,   50,  269087,  178400,   90686, 0.0235009, 2.0631581,
361,  6, 13069,  100,  613256,  347100,  266155, 0.0832405, 2.2191262,
362, 17,  6834,  942, 1503990,  604764,  899225, 0.2208198, 0.4833909,
363, 11, 10337, 3856, 3284650,   11568, 3273081, 0.4522298, 0.2667934,
364,  9, 13245, 6979, 2319565,       0, 2319564, 0.3944431, 0.1910765,
365, 17, 13433,   24,  148128,   98616,   49511, 0.0146556, 1.6459892,
366,  7, 13672,   49,  381727,  226919,  154807, 0.0464082, 2.3062422,
367,  9, 40298,  143,  588511,  333476,  255034, 0.0851858, 1.5987675,
368,  8, 56585, 2171, 1542815,   78156, 1464658, 0.2940912, 0.3205427,
369, 20,  6312, 2950, 1400483,       0, 1400482, 0.2429292, 0.2091604,
370, 11, 56231,  422, 1049028,  570966,  478061, 0.1480621, 0.9830295,
371,  5, 22488, 2429, 1231007,    2429, 1228577, 0.2641502, 0.2953160,
372,  4, 32530,   27,  267479,  126576,  140902, 0.0450695, 2.2785116,
373, 19,  4069,   74,  682626,   74000,  608625, 0.1337856, 0.4127274,
374, 16, 54881, 5386, 1713763,       0, 1713762, 0.2483243, 0.2561354,
375,  8, 58697,   12,  175466,   70500,  104965, 0.0355541, 2.3594287,
376, 20, 37418,  192,  540378,  336192,  204185, 0.0620079, 1.4290555,
377, 17, 26471,   92,  367105,  236900,  130204, 0.0355269, 2.0624685,
378, 15,  8807,   15,  192943,   42585,  150357, 0.0327978, 0.9931221,
379,  6, 37677, 3469, 1595280,   34690, 1560589, 0.4202700, 0.2668175,
380,  6, 27403,  177,  848263,  465156,  383106, 0.1199745, 1.7651196,
381,  8, 50207,  149,  679012,  385463,  293548, 0.0734541, 1.6400317,
382,  9,  4267,  746, 1707079,  710192,  996886, 0.2462404, 0.3655358,
383,  8, 46599,   74,  414588,  233026,  181561, 0.0512993, 1.9744225,
384, 19, 45332, 3575, 1749236,       0, 1749235, 0.2706233, 0.1865622,
385, 17, 13278, 7042, 2207760,       0, 2207759, 0.3279383, 0.1844939,
386,  5, 16530,   21,  307264,  126105,  181158, 0.0402431, 2.4413167,
387,  6, 27615,   80,  580098,  324000,  256097, 0.0911996, 2.3417239,
388,  4,  4931,   36,  864663,   25380,  839282, 0.1773305, 0.3324674,
389, 12, 60563,   22,  170498,  106898,   63599, 0.0159564, 2.3836733,
390, 16,  7991,  125,  466864,  287125,  179738, 0.0449768, 1.9785561,
391, 10,  5865,  355,  989175,  523625,  465549, 0.1393861, 0.8487495,
392,  6,  9299, 2264, 1911769,       0, 1911768, 0.2913852, 0.2073656,
393, 19, 58202,  667, 1173173,  636985,  536187, 0.1575334, 0.6680580,
394, 15, 25260,   14,  108218,   60900,   47317, 0.0132972, 2.3412354,
395, 10, 45722, 4373, 1942578,       0, 1942577, 0.3036030, 0.2627854,
396, 20, 46216,   43,  204004,  137858,   66145, 0.0190201, 2.2831828,
397, 20,  5933,  480, 1053906,  676320,  377585, 0.1234021, 0.8733085,
398, 19, 10545, 9996, 1454402,       0, 1454401, 0.3229989, 0.2633051,
399,  4,  6824,   17,  492615,   40460,  452154, 0.0991036, 1.1949147,
400,  9, 25326,   34,  267877,  163268,  104608, 0.0284827, 2.4081197,
401, 10, 11457, 8059, 2856986,       0, 2856985, 0.4606178, 0.1977930,
402,  6, 11005,  696, 1704528,  741936,  962591, 0.2228881, 0.7825531,
403, 10,  6257,   53,  468115,   95135,  372979, 0.0921038, 0.6785031,
404, 19,  6071,  590,  948682,  322140,  626541, 0.1441203, 0.5458615,
405, 14, 59591,   20,  145795,   95900,   49894, 0.0160060, 2.3922673,
406,  5, 57970,  805, 1728004,  710010, 1017993, 0.2523586, 0.6172047,
407, 13,  6333, 1028, 1453523,  310456, 1143066, 0.2399148, 0.4036671,
408,  9, 14496,   12,  156731,   70524,   86206, 0.0275462, 2.4333558,
409,  5,  6272,   15,  750395,   26250,  724144, 0.1355186, 0.5877598,
410, 19, 43488,  282,  729765,  449226,  280538, 0.0899402, 1.1786509,
411, 12,  8833, 2530, 2188096,   86020, 2102075, 0.3506124, 0.3054512,
412,  6,  9484,  881, 1909130,  895096, 1014033, 0.2734031, 0.5770815,
413, 17, 19858,   28,  167603,  112000,   55602, 0.0151014, 2.1902708,
414,  5,  4890, 1307, 1939270,  727999, 1211270, 0.2926492, 0.4366785,
415,  9, 21536,  327, 1094901,  594486,  500414, 0.1666732, 1.3527706,
416, 14, 28589,   43,  252971,  168431,   84539, 0.0263879, 2.3422544,
417, 12,  6355,  129,  515894,  227040,  288853, 0.0691915, 0.8723371,
418, 13, 29133,  387,  857048,  413316,  443731, 0.1226503, 1.0914762,
419, 11,  4556,  111,  891910,  109113,  782796, 0.1677118, 0.4484135,
420,  5, 14267, 3926, 1909621,       0, 1909620, 0.3491276, 0.2485308,
421, 19, 38685, 1283, 1916923, 1123908,  793014, 0.2457102, 0.5752025,
422,  6, 27361,  602, 1245214,  388290,  856923, 0.1951764, 0.6976210,
423, 13, 25328,   62,  330265,  215698,  114566, 0.0341558, 2.2242494,
424, 15,  6096,   53,  435852,   99269,  336582, 0.0729592, 0.7141029,
425,  4, 14876,  971, 1842787,  703975, 1138811, 0.2743948, 0.5535935,
426,  8, 21393,   87,  516676,  307197,  209478, 0.0661414, 2.2904376,
427,  9, 16344,   63,  352294,  212499,  139794, 0.0513331, 2.1984322,
428, 10, 55997,  261,  849059,  480240,  368818, 0.0912547, 1.0815730,
429, 10, 30566,  453,  975214,  385503,  589710, 0.1457519, 0.4698540,
430, 11, 10026, 1437, 1786654,  336258, 1450395, 0.2596375, 0.2748923,
431,  6, 16897, 2625, 3151458,  643125, 2508332, 0.4734934, 0.3146440,
432,  6, 28156, 2441, 1848188,   29292, 1818895, 0.3468496, 0.2805074,
433,  9, 15969, 1898, 1774473,  176514, 1597958, 0.2703029, 0.2660120,
434, 17,  5121, 2065, 2255684,  687645, 1568038, 0.2936558, 0.3051339,
435, 15, 36541,   18,  135578,   89190,   46387, 0.0139487, 2.1377456,
436,  7, 61756, 1980, 1850686,   47520, 1803165, 0.2809429, 0.2826350,
437,  7, 25399, 4386,  991381,       0,  991380, 0.1814825, 0.1930135,
438,  6, 22753, 3928, 2580878,       0, 2580877, 0.4023829, 0.1917190,
439, 18, 14963, 7677, 2646381,       0, 2646380, 0.3475391, 0.1829324,
440,  9, 34152,   18,  174369,   98748,   75620, 0.0227371, 2.2767776,
441, 10, 51229,   26,  199477,  124540,   74936, 0.0250460, 2.2588740,
442,  8,  5848, 1408, 1778562,  305536, 1473025, 0.2937448, 0.2632696,
443, 17,  5902,   20,  282989,   38280,  244708, 0.0553625, 0.6529136,
444,  5, 38633,   91,  623762,  333151,  290610, 0.0835868, 2.2258957,
445, 15, 22320,  162,  539565,  332910,  206654, 0.0591859, 1.3773026,
446, 13, 18923,   27,  188098,  123903,   64194, 0.0205212, 2.2760462,
447,  6,  7010,  247, 1100396,  568594,  531801, 0.1336939, 1.6110250,
448, 17, 47466, 5789, 2288799,       0, 2288798, 0.3410780, 0.2187872,
449, 18,  4950, 1977, 1533653,  108735, 1424917, 0.2587811, 0.2822750,
450, 11, 33053, 4272, 3265979,       0, 3265978, 0.4350958, 0.2054243,
451, 10, 25856,  162,  663130,  385398,  277731, 0.0820361, 1.3690899,
452, 20, 14029, 4125, 1361879,       0, 1361878, 0.3048292, 0.1759226,
453, 20, 33062,   30,  165096,  115800,   49295, 0.0159355, 2.1828692,
454, 10,  4535, 2821, 3096745,  756028, 2340716, 0.4000558, 0.3267594,
455, 11, 10561,   52,  295362,  185900,  109461, 0.0305380, 2.3512710,
456, 14,  5384, 1094, 1707688,  926618,  781069, 0.2192800, 0.3965984,
457, 17,  4918,  753, 1174594,  560232,  614361, 0.1741858, 0.5150571,
458,  6, 48522,  256,  942609,  481280,  461328, 0.1465472, 0.9682807,
459, 12, 12312, 2130, 2711523, 1499520, 1212002, 0.3411645, 0.3517201,
460, 17, 18625,   58,  278696,  184672,   94023, 0.0248404, 1.6619425,
461,  4,  8973,   32,  252790,  111424,  141365, 0.0492278, 1.2879665,
462,  4,  8084,  570, 1549954,  803130,  746823, 0.2220784, 0.6938705,
463, 13, 36277,  966, 1769069,  898380,  870688, 0.2329207, 0.5112937,
464,  6,  8894,  131,  648602,  359202,  289399, 0.0708527, 1.5106511,
465, 17, 51552,   44,  230477,  157696,   72780, 0.0220142, 1.5653440,
466, 20, 16808, 1883, 1404492,   94150, 1310341, 0.2713668, 0.2634890,
467,  6, 10441, 2887, 1877528,   75062, 1802465, 0.3771258, 0.2546611,
468, 14, 14843,   11,  101660,   57640,   44019, 0.0125833, 1.9825932,
469,  7,  8906,   15,  379146,   40215,  338930, 0.0779424, 0.8549749,
470,  4,  9947, 7134, 2339615,       0, 2339614, 0.4092245, 0.1765807,
471, 12, 37008, 1586, 1701810,  328302, 1373507, 0.3017217, 0.2744036,
472,  7, 16179,   37,  336689,  198838,  137850, 0.0379038, 2.3454540,
473, 14,  7975,  502, 1127807,  645070,  482736, 0.1667091, 0.7786845,
474, 11,  8502,   57,  410831,  146547,  264283, 0.0742069, 0.8328585,
475, 16, 30965,  191,  577069,  346092,  230976, 0.0584477, 1.4681810,
476, 16, 14989, 1103, 1703816,  870267,  833548, 0.2230676, 0.4885198,
477,  6,  4880,  123,  733472,   87945,  645526, 0.1628984, 0.3124102,
478,  7, 16249,   16,  195321,   88944,  106376, 0.0271522, 2.2796365,
479,  4, 15682,  110,  549049,  277640,  271408, 0.0843440, 1.5715617,
480,  7, 19372, 7059, 2728150,       0, 2728149, 0.4045435, 0.1821551,
481, 15, 15459,   32,  186711,  127744,   58966, 0.0179380, 2.2620934,
482, 16, 23568,   22,  149835,  103554,   46280, 0.0151570, 2.3279613,
483,  9,  9220, 1897, 1477668,    5691, 1471976, 0.2730630, 0.2513462,
484, 18, 37700,   30,  172000,  118020,   53979, 0.0165245, 1.7473640,
485, 18,  4262,  956, 1464098,  902464,  561633, 0.1937379, 0.3729864,
486,  6, 17069,  433, 1323808,  689769,  634038, 0.1792298, 0.7538040,
487, 20, 42265, 7942, 2975092,       0, 2975091, 0.3679724, 0.2033155,
488,  9, 16979, 1074, 1822794,  622920, 1199873, 0.2661772, 0.4226033,
489, 15, 33791, 1316, 1992836, 1031744,  961091, 0.2508160, 0.3860320,
490, 17,  5193, 2486, 2296012,   19888, 2276123, 0.3202022, 0.2751698,
491, 15, 31764,   78,  347275,  226512,  120762, 0.0324775, 2.2713376,
492, 14, 41322,   52,  270523,  178932,   91590, 0.0251386, 1.8879124,
493,  8,  5585, 4372, 2677377,       0, 2677376, 0.4003740, 0.1763864,
494,  4, 46504,   11,  232793,   67254,  165538, 0.0381550, 2.3625831,
495,  5,  4050,   85, 1158741,   71825, 1086915, 0.1976980, 0.3551822,
496, 10,  9540,   16,  252597,   55984,  196612, 0.0477771, 1.1878477,
497,  9, 15938,  110,  554994,  328680,  226313, 0.0682964, 1.7675986,
498, 16, 18871,   10,   85758,   52230,   33527, 0.0095846, 2.3358872,
499, 17, 13423,   19,  130310,   81757,   48552, 0.0135919, 1.5989708,
500, 19, 52185,   19,  119166,   79952,   39213, 0.0112884, 1.8422700,
501,  9, 37978,  153,  699550,  404685,  294864, 0.0882394, 1.3901718,
502,  8, 27490, 1311, 1510399,  266133, 1244265, 0.2623250, 0.2617474,
503, 11, 42766,   35,  248297,  162365,   85931, 0.0281133, 2.3934459,
504, 10,  8265,   40,  345727,  108440,  237286, 0.0562819, 0.8758393,
505, 10, 22640, 1355, 1993679, 1052835,  940843, 0.2472859, 0.3518563,
506,  7, 32689,   27,  260621,  150471,  110149, 0.0324850, 2.4255773,
507, 15, 33943,  190,  613954,  382090,  231863, 0.0687895, 0.9885395,
508, 19,  4894,  156,  686093,  149448,  536644, 0.1056562, 0.3647556,
509, 12,  8343, 1841, 2399458,  916818, 1482639, 0.3247631, 0.3707490,
510, 19, 19578,  159,  521469,  319908,  201560, 0.0511117, 2.1406735,
511, 11, 14578,   29,  213222,  140273,   72948, 0.0209060, 2.2693753,
512,  4, 18901,   33,  380112,  176220,  203891, 0.0549014, 2.3096325,
513, 15, 60537, 5938, 2353241,       0, 2353240, 0.4173836, 0.1896879,
514, 20, 10761,  172,  538881,  357588,  181292, 0.0527743, 1.1414475,
515, 10,  9483,   70,  382011,  241080,  140930, 0.0468420, 1.8967298,
516,  4,  9553,  335, 1441458,  620085,  821372, 0.1976976, 1.0767475,
517,  5, 52680,   13,  221163,   81081,  140081, 0.0378625, 2.3789386,
518,  8,  5542,   16,  887991,   15536,  872454, 0.1816558, 0.3945130,
519,  9,  4842, 1315, 2125927,  878420, 1247506, 0.2921876, 0.4545074,
520, 10, 16167,  189,  700739,  413343,  287395, 0.0833128, 1.0945086,
521,  6, 27733, 5962, 2434353,       0, 2434352, 0.4451391, 0.1893571,
522, 10, 15951, 3147, 2548858,    9441, 2539416, 0.3502688, 0.2364161,
523, 19, 17139,  690, 1247637,  570630,  677006, 0.1689765, 0.5774185,
524, 14, 10524, 4740, 1549362,       0, 1549361, 0.2931669, 0.1936936,
525,  6, 13483,  510, 1504115,  728790,  775324, 0.1978197, 0.6913909,
526,  4, 10942, 1730, 2250722,  474020, 1776701, 0.3138727, 0.2973635,
527, 18, 16499,   25,  149947,  101525,   48421, 0.0133146, 1.9047977,
528, 12, 23687, 5926, 1489528,       0, 1489527, 0.2768088, 0.2051256,
529, 17,  4560, 1563, 1716193,  551739, 1164453, 0.2299606, 0.3242164,
530,  9,  8801,  192,  742341,  416640,  325700, 0.0911555, 1.4301063,
531,  7, 15198,   72,  468191,  283320,  184870, 0.0509713, 2.3359263,
532, 15, 10864, 1656, 2045117, 1036656, 1008460, 0.2615458, 0.4142391,
533, 11, 56773,  140,  510667,  293440,  217226, 0.0609849, 1.6105439,
534,  7, 62973, 1173, 1661152,  577116, 1084035, 0.2559189, 0.3630120,
535,  4, 62662,  134,  855332,  424780,  430551, 0.1160478, 1.8319556,
536,  9,  5274,   19,  700844,   18259,  682584, 0.1364057, 0.3647871,
537,  7, 18367,   66,  458117,  271128,  186988, 0.0648317, 2.2137005,
538, 18,  5417,   66,  395805,  111870,  283934, 0.0699181, 0.5726255,
539,  9,  5060,  344, 1014897,  486416,  528480, 0.1345045, 0.8620240,
540, 10, 22527, 1801, 2375719,  938321, 1437397, 0.3417509, 0.3351963,
541, 15, 35328, 2568, 1548815,    7704, 1541110, 0.3381433, 0.3212504,
542, 20, 14130, 1503, 2045598, 1334664,  710933, 0.2387173, 0.4759819,
543, 15, 35352,  301,  743256,  407554,  335701, 0.1006114, 0.9859732,
544,  4,  6745, 3819, 2768260,  179493, 2588766, 0.4629628, 0.2734743,
545, 19, 30060,  204,  593545,  359652,  233892, 0.0713921, 1.2019250,
546,  7, 23625, 8970, 2976743,       0, 2976742, 0.4273464, 0.1991898,
547,  5, 32722,  589, 1335965,  516553,  819411, 0.1854612, 0.5588389,
548,  8, 14622,   28,  235929,  139496,   96432, 0.0361205, 2.4246111,
549, 11, 49478,   23,  190400,  111573,   78826, 0.0237186, 2.2812145,
550, 13,  4277,  129,  987345,  121389,  865955, 0.1668676, 0.3868849,
551,  8, 39974,  629, 1436445,  760461,  675983, 0.1992493, 0.5987244,
552, 13, 18748, 8771, 1745496,       0, 1745495, 0.3304889, 0.1863149,
553,  9, 39134, 3097, 1259298,       0, 1259297, 0.2557589, 0.2022125,
554,  9, 17103, 7139, 2380313,       0, 2380312, 0.3847326, 0.2088312,
555,  8,  6455,  657, 1341289,  526257,  815031, 0.1768389, 0.5448230,
556,  9, 11158, 7334, 2947682,       0, 2947681, 0.4276333, 0.2144739,
557, 18,  6210, 4682, 1633976,       0, 1633975, 0.3243192, 0.1982129,
558, 16,  6948,   55,  357170,  100705,  256464, 0.0510352, 0.6727591,
559,  6, 11595, 5889, 2520386,       0, 2520385, 0.4479986, 0.2004428,
560, 11,  8780, 6116, 2198049,       0, 2198048, 0.3659333, 0.1903864,
561, 10,  9657,  695, 1376836,  706815,  670020, 0.1755546, 0.6473581,
562, 13,  6109,  787, 1240896,  436785,  804110, 0.1820935, 0.5146901,
563, 11, 10107, 5472, 1978689,       0, 1978688, 0.3673512, 0.2050317,
564, 19, 11780,   11,   89894,   49962,   39931, 0.0105973, 2.2736785,
565, 16,  5390, 3174, 1251938,       0, 1251937, 0.3005462, 0.2502102,
566, 18, 13192,   11,   87394,   48741,   38652, 0.0134439, 2.0005645,
567, 13, 15421,   11,  104348,   57068,   47279, 0.0117547, 2.2882157,
568, 19, 39307, 2411, 2442723,  421925, 2020797, 0.3182845, 0.3307040,
569,  9, 13549, 4773, 1505543,       0, 1505542, 0.3639030, 0.2244386,
570,  7, 27241, 9101, 1368189,       0, 1368188, 0.3104205, 0.2398190,
571, 19, 25378,  589, 1081881,  606081,  475799, 0.1106556, 0.7663695,
572, 18, 17688, 3931, 1637521,       0, 1637520, 0.3434059, 0.2628300,
573, 14,  4845,  930, 1616051,  896520,  719530, 0.2195833, 0.6621826,
574, 10, 36844, 6426, 1720717,       0, 1720716, 0.3523544, 0.2148965,
575, 17,  7935,  691, 1276207,  601170,  675036, 0.1712815, 0.7097807,
576, 20, 51761,   20,  125915,   72080,   53834, 0.0134869, 2.2371919,
577, 19, 43884,  128,  436644,  272512,  164131, 0.0516879, 2.2135443,
578,  6, 27985,   11,  202017,   62480,  139536, 0.0365097, 2.4052404,
579,  7, 14035,  450, 1113707,  471600,  642106, 0.1672130, 0.8498456,
580, 17, 28911,   36,  192961,  132336,   60624, 0.0189991, 2.0091905,
581, 15, 31082,   19,  144533,   94202,   50330, 0.0168989, 2.1127778,
582, 10, 11157,   50,  306146,  194700,  111445, 0.0309589, 2.2266996,
583, 14,  6895, 4382, 2193413,       0, 2193412, 0.3722349, 0.1716998,
584, 16, 11387, 9578, 1942860,       0, 1942859, 0.3748766, 0.1712241,
585, 15,  9077,  145,  527598,  321900,  205697, 0.0482157, 1.3625552,
586,  9, 14458, 1778, 2265887,  430276, 1835610, 0.3424552, 0.2682421,
587,  7, 21820,  865, 1845674,  879705,  965968, 0.2320500, 0.5390581,
588,  6,  4174,   49, 1309945,   48020, 1261924, 0.2373069, 0.3313962,
589,  9,  4029,   97, 1066865,   86815,  980049, 0.1757220, 0.3192665,
590,  8, 25961,   18,  174698,   95310,   79387, 0.0276726, 2.2804526,
591,  9, 22641, 5172, 1907109,       0, 1907108, 0.3130869, 0.1963285,
592, 11, 29309,  205,  687450,  415740,  271709, 0.0815660, 1.1024258,
593, 12, 15221,  417,  945413,  447024,  498388, 0.1258185, 0.5536448,
594,  5, 50568,  617, 1493273,  708933,  784339, 0.2046645, 0.6480062,
595,  7, 14560,   67,  441734,  247900,  193833, 0.0554145, 2.2660745,
596,  5, 34722,  841, 1401740,  321262, 1080477, 0.2245811, 0.4000126,
597,  6, 57825,   10,  201891,   63350,  138540, 0.0388459, 2.4841826,
598, 17, 27133,   64,  299174,  203200,   95973, 0.0287654, 1.5454220,
599, 20, 11867,   46,  219239,  149776,   69462, 0.0212328, 2.1931722,
600,  8, 14695,   13,  154065,   80756,   73308, 0.0230037, 2.4772479,
601,  4, 19330,   89,  717149,  362586,  354562, 0.0982667, 2.2783560,
602, 19, 18255,  971,  962974,  121375,  841598, 0.1815312, 0.2526016,
603, 10, 37369,  320,  955641,  530560,  425080, 0.1123071, 1.0623893,
604, 18,  5207,   45,  498933,   41760,  457172, 0.1372763, 0.3435492,
605, 16, 33673, 3550, 1947457,       0, 1947456, 0.3054110, 0.2036370,
606, 12, 46698,  115,  450090,  270020,  180069, 0.0531443, 2.0133820,
607, 12, 43677,  204,  721485,  430848,  290636, 0.0698236, 1.4228861,
608, 17, 28444, 5767, 3683122,       0, 3683121, 0.4609906, 0.2449389,
609, 16, 40676,   13,  108198,   58578,   49619, 0.0126000, 2.2659544,
610, 10, 47300, 1712, 2422384, 1381584, 1040799, 0.3300447, 0.4069553,
611, 13, 14942,   49,  269234,  174783,   94450, 0.0295298, 2.2252675,
612,  7,  4478,  170, 1023124,  167280,  855843, 0.1737459, 0.3358017,
613, 15,  4689, 5577, 1690880,       0, 1690879, 0.3384009, 0.1939754,
614, 10, 60977,  128,  534375,  301824,  232550, 0.0651244, 1.3793189,
615, 20,  6331, 1028, 1590546,  797728,  792817, 0.2160770, 0.5760984,
616,  6,  9580,  128,  660337,  344192,  316144, 0.0934426, 1.4909724,
617, 15, 16895,  725, 1468390,  896100,  572289, 0.1904086, 0.5525266,
618, 10, 30212,  184,  675313,  398360,  276952, 0.0847030, 1.0881184,
619, 10, 37405,  141,  612981,  362088,  250892, 0.0709596, 1.6116588,
620, 12,  5802,  324,  890500,  466884,  423615, 0.1209175, 0.9998944,
621,  8, 47819,  730, 1711783,  843150,  868632, 0.2567766, 0.8608742,
622,  6, 30642,  114,  607960,  343938,  264021, 0.0823573, 2.2119619,
623, 13,  9775,  974, 1679413,  957442,  721970, 0.2242519, 0.6176023,
624, 19,  4644,  255,  762712,  250920,  511791, 0.1113820, 0.4596125,
625, 12, 26829,  154,  597444,  355740,  241703, 0.0639861, 1.8990087,
626, 12, 17106,   81,  398663,  251667,  146995, 0.0402178, 2.2665078,
627,  9, 21908,  215,  798324,  436450,  361873, 0.0917530, 1.2497588,
628, 16, 10665, 4825, 2411667,       0, 2411666, 0.3324348, 0.2303214,
629,  6, 45678,   23,  294430,  127190,  167239, 0.0529406, 2.4375547,
630, 15,  4532, 5019, 2541615,       0, 2541614, 0.3630783, 0.1904835,
631, 14, 14381, 3901, 1245819,       0, 1245818, 0.3531491, 0.2105848,
632, 18,  8616, 1337, 1823698, 1201963,  621734, 0.2360652, 0.4848569,
633,  7,  4290,  184,  936961,  135056,  801904, 0.1873370, 0.3996115,
634, 15, 59128, 1252, 1830610, 1220700,  609909, 0.2544787, 0.4610004,
635,  9, 61659,   30,  242726,  150660,   92065, 0.0268411, 2.3940955,
636,  6,  6423,  210,  977551,  429450,  548100, 0.1354398, 0.9808194,
637, 12, 63248,   10,  110155,   52210,   57944, 0.0192677, 2.4358565,
638,  5, 35700,   14,  208031,   76874,  131156, 0.0320502, 2.4929706,
639, 10, 30043,   42,  300389,  185178,  115210, 0.0311631, 2.2736609,
640,  7, 17870,  361, 1091380,  581571,  509808, 0.1622479, 1.1329974,
641, 19, 39502, 1103, 1630625,  748937,  881687, 0.2301677, 0.4607956,
642, 10,  8929, 2728, 3089058,  537416, 2551641, 0.4088519, 0.3877019,
643, 16, 11719,  117,  449785,  278460,  171324, 0.0543461, 1.8820458,
644, 11, 13899,   47,  285177,  186684,   98492, 0.0284987, 2.2586758,
645,  8, 48686, 2134, 1399063,   27742, 1371320, 0.3346784, 0.3690503,
646,  5, 38559,   45,  438537,  201735,  236801, 0.0573874, 2.3409888,
647, 13, 13230,   54,  291521,  189756,  101764, 0.0271296, 2.2317985,
648, 11, 42228,  811, 1411339,  575810,  835528, 0.2193342, 0.5024524,
649, 10, 19637,   23,  200519,  123832,   76686, 0.0222458, 2.3940750,
650,  5,  6327,  115,  786606,  241500,  545105, 0.1206702, 0.9503882,
651, 13, 11805, 6621, 1859897,       0, 1859896, 0.3363418, 0.1936591,
652, 18,  6161,  660, 1076995,  487080,  589914, 0.1449658, 0.6698357,
653,  4, 10471, 7486, 3386187,       0, 3386186, 0.5103686, 0.2243271,
654, 16, 20554, 5069, 1466884,       0, 1466883, 0.2057061, 0.2379859,
655, 13,  4290,  534, 1292173,  510504,  781668, 0.2154940, 0.4700237,
656,  6, 13746,   53,  449874,  246556,  203317, 0.0615982, 2.2967085,
657, 15, 15712,  316,  794008,  446508,  347499, 0.0963856, 1.0428491,
658, 18, 13113,  462, 1084272,  711480,  372791, 0.1472619, 1.2599793,
659,  7,  5036, 1079, 1908762,  886938, 1021823, 0.2653449, 0.5170660,
660, 13, 10103,  529, 1046495,  479274,  567220, 0.1463669, 0.5252841,
661, 11, 50375,   86,  447306,  282940,  164365, 0.0487818, 2.4058700,
662, 18, 16185,   25,  157155,  103700,   53454, 0.0161067, 2.1209630,
663, 19, 17761,   26,  161075,   92534,   68540, 0.0155609, 2.2818307,
664,  5, 54264, 4309, 2229194,    8618, 2220575, 0.4817700, 0.3539534,
665, 10,  4060, 6213, 1673000,       0, 1672999, 0.3456052, 0.2432190,
666, 12, 25430,   14,  129706,   71778,   57927, 0.0191265, 2.4170910,
667, 18,  6979,   14,  283397,   26362,  257034, 0.0501958, 0.9662451,
668,  9, 62516, 2380, 2372233,  247520, 2124712, 0.3425768, 0.4083254,
669,  8, 53409,   27,  217711,  121608,   96102, 0.0261875, 2.3017848,
670, 18,  6274,  105,  450020,  194775,  255244, 0.0645408, 0.7408802,
671, 10, 13352,  139,  616354,  369462,  246891, 0.0736160, 1.7463416,
672, 20, 36627,  509, 1008648,  584841,  423806, 0.1263069, 0.7891700,
673,  5,  8287,  143,  743135,  379093,  364041, 0.1012353, 1.8137483,
674, 12, 46348, 4130, 2356576,       0, 2356575, 0.3561008, 0.2116738,
675,  4, 29018, 3537, 2542853,   24759, 2518093, 0.4088339, 0.2524785,
676, 18, 31660,   53,  258316,  178027,   80288, 0.0230380, 1.8629178,
677,  9,  4132, 3632, 1983088,       0, 1983087, 0.3632056, 0.1796446,
678,  6, 11287, 1234, 2046091,  677466, 1368624, 0.3432010, 0.4463681,
679, 10,  5245,  567, 1287679,  706482,  581196, 0.1567100, 0.5488136,
680, 11, 11979, 1803, 2434516, 1036725, 1397790, 0.3319583, 0.3381653,
681, 19,  5252,  265,  659412,  371530,  287881, 0.0795851, 1.0419041,
682, 11, 18714,  458, 1059409,  547310,  512098, 0.1356228, 0.6942134,
683, 11, 35954, 7651, 1697173,       0, 1697172, 0.3105049, 0.2313000,
684, 15, 60595,   22,  155851,  105600,   50250, 0.0167520, 2.2402725,
685, 13, 12894,  116,  451189,  280140,  171048, 0.0438940, 1.2771560,
686, 16,  7832,  192,  601946,  360576,  241369, 0.0714575, 0.9336885,
687, 20,  8076, 1496, 1524080,  230384, 1293695, 0.2175117, 0.2716680,
688, 12, 52421, 7505, 3152002,       0, 3152001, 0.4421727, 0.2033445,
689, 13, 22987,   81,  365861,  250128,  115732, 0.0402615, 2.2043708,
690, 13,  8595,  118,  478975,  296652,  182322, 0.0582007, 1.7120695,
691, 11, 52332,  273,  806002,  446628,  359373, 0.1116285, 0.9116533,
692,  8, 33083,  385, 1106951,  579425,  527525, 0.1410483, 0.8252059,
693,  9, 26717,   61,  351021,  217038,  133982, 0.0392992, 2.2994370,
694, 14,  7118,   25,  359888,   48725,  311162, 0.0780171, 0.6223061,
695, 20, 30709, 8581, 2625831,       0, 2625830, 0.3774296, 0.2044464,
696,  9, 49057, 1114, 2139791, 1073896, 1065894, 0.2901451, 0.5239956,
697,  7, 55693, 7609, 1835671,       0, 1835670, 0.2924057, 0.1993443,
698,  5,  9483,  683, 1681658,  541619, 1140038, 0.2500870, 0.5927688,
699, 11,  7317,  291,  863022,  510705,  352316, 0.0985724, 0.7799369,
700, 12, 41672,  964, 1501927,  821328,  680598, 0.2189994, 0.5376907,
701, 12, 44775,  714, 1382195,  764694,  617500, 0.1824858, 0.5628913,
702, 20, 11903, 2122, 2130462,  420156, 1710305, 0.2918708, 0.2748306,
703,  6,  6999,  921, 1588043,  410766, 1177276, 0.2464248, 0.3975579,
704,  7,  5583,  315, 1220413,  522900,  697512, 0.1655145, 0.5760023,
705,  8,  7188,  390, 1198831,  638430,  560400, 0.1622585, 0.7530448,
706,  7,  4554,  199, 1007749,  150444,  857304, 0.1754702, 0.3486376,
707, 11,  5158,   67,  726661,   62243,  664417, 0.1468052, 0.4147881,
708,  6, 20580,  300, 1008664,  521700,  486963, 0.1305759, 0.9555742,
709,  4, 43371,   35,  292516,  145705,  146810, 0.0401785, 2.2207319,
710, 16, 55925,  523, 1125127,  629169,  495957, 0.1073245, 0.5841392,
711, 10,  9620,  858, 1182976,  235092,  947883, 0.1928820, 0.3222168,
712, 17,  4220,   66,  771587,   64416,  707170, 0.1384221, 0.3748680,
713, 17, 55819, 3260, 2505345,       0, 2505344, 0.3369004, 0.2124920,
714,  7, 21108,  127,  654068,  372237,  281830, 0.0767208, 1.6285347,
715, 18, 51762,   41,  210279,  142639,   67639, 0.0199011, 1.7229308,
716, 11, 26891,   11,  116446,   64867,   51578, 0.0143278, 2.4489759,
717, 13, 14960,  125,  532170,  335500,  196669, 0.0609922, 1.7299173,
718, 10, 42870, 2632, 2558996,  123704, 2435291, 0.3830696, 0.2570297,
719, 14,  4730, 1097, 1338283,  293996, 1044286, 0.2183958, 0.3024427,
720, 19, 16320,   54,  247050,  168966,   78083, 0.0236107, 2.0348422,
721,  5,  4364,   31,  936431,   27652,  908778, 0.1926426, 0.3196585,
722,  9,  5898,  322,  960389,  520674,  439714, 0.1331985, 0.7871376,
723, 11, 17270, 1118, 1899585, 1019616,  879968, 0.2680012, 0.5005628,
724, 13, 53233,   16,  128903,   79392,   49510, 0.0150131, 2.2821138,
725, 11, 11049,  177,  627500,  358602,  268897, 0.0753840, 1.4093117,
726, 16, 14465,   85,  366090,  233240,  132849, 0.0356644, 2.3844416,
727, 11, 58199, 5965, 2016798,       0, 2016797, 0.3077628, 0.2690793,
728, 17, 14830,   46,  224116,  149914,   74201, 0.0229105, 1.8639157,
729,  8, 54571, 4932, 2008065,       0, 2008064, 0.3325676, 0.1999376,
730,  8, 38612,  996, 1414416,  464136,  950279, 0.2101101, 0.4446681,
731, 12, 10213,  286,  749257,  382382,  366874, 0.1084433, 0.7342693,
732,  9,  4419,  131,  990722,  105193,  885528, 0.1707094, 0.3064047,
733, 15, 55075,  504,  897289,  312984,  584304, 0.1487391, 0.5017299,
734, 20, 16497,   46,  216638,  145682,   70955, 0.0193641, 2.2339260,
735, 10,  5269,  928, 1628372,  652384,  975987, 0.2124554, 0.4854161,
736, 14, 14505,  278,  791696,  486222,  305473, 0.1054602, 0.9245143,
737,  5, 34303,   11,  240979,   66286,  174692, 0.0471191, 2.3770602,
738, 15, 11375,  554, 1212143,  673664,  538478, 0.1459415, 0.9051861,
739, 15,  5255, 3827, 2171521,       0, 2171520, 0.3476178, 0.3187413,
740,  5,  5779,  550, 1667083,  640750, 1026332, 0.2284173, 0.9244967,
741, 17, 30016,   53,  262019,  179458,   82560, 0.0249160, 1.8831920,
742, 17, 48415, 3559, 1497746,       0, 1497745, 0.2977764, 0.1996272,
743, 19,  5074, 2019, 1403715,   12114, 1391600, 0.2497690, 0.2614769,
744, 10, 34176, 2790, 2674915,   78120, 2596794, 0.3536916, 0.2667970,
745, 14,  4770, 4707, 2054866,       0, 2054865, 0.3062683, 0.2012883,
746,  5,  5024,  102, 1447777,   92718, 1355058, 0.2304556, 0.3887746,
747,  7,  8802,   24,  247687,   80616,  167070, 0.0511646, 1.1458775,
748,  7, 16230,  780, 1360773,  514800,  845972, 0.1944511, 0.4886282,
749,  7, 18586,  572, 1405314,  732160,  673153, 0.1914591, 0.6607855,
750, 19,  8348,   17,  173016,   48178,  124837, 0.0313793, 0.9776166,
751,  7, 61384, 1571, 1900563,  361330, 1539232, 0.3096221, 0.2963021,
752, 10, 49721,  545, 1299024,  689970,  609053, 0.1666815, 0.5884559,
753, 12,  4161,   32,  784413,   30944,  753468, 0.1576693, 0.3648617,
754,  4,  7372,  113,  894921,  266228,  628692, 0.1331447, 0.7547186,
755, 20, 37138, 4876, 1902246,       0, 1902245, 0.2683576, 0.2062710,
756, 12, 55547,  120,  518529,  312600,  205928, 0.0535833, 1.6968724,
757,  4,  4711,  768, 1999881,  720384, 1279496, 0.2799456, 0.6061992,
758,  7,  4626,  573, 1371124,  673275,  697848, 0.1804808, 0.7329616,
759, 19, 16239, 4557, 1971550,       0, 1971549, 0.3159198, 0.2169842,
760,  7, 18514, 6733, 1256742,       0, 1256741, 0.2829568, 0.2343798,
761, 11, 19566,  349,  982725,  497325,  485399, 0.1281957, 0.8892524,
762,  7, 41947,  197,  734861,  371739,  363121, 0.0944015, 1.0965194,
763,  9, 14090, 1210, 1715450,  546920, 1168529, 0.2565540, 0.3968002,
764, 10, 12070,   11,  153381,   48103,  105277, 0.0367372, 1.7871576,
765,  7, 28788,   20,  287769,   97620,  190148, 0.0552676, 2.3625660,
766,  9, 16452,  305,  829221,  469090,  360130, 0.1144994, 0.9705968,
767,  6, 42358,   61,  467189,  251869,  215319, 0.0739626, 2.3706433,
768,  6,  4991,   30, 1280403,   29430, 1250972, 0.2176460, 0.5056605,
769,  5, 13090,  382, 1344916,  640614,  704301, 0.1716785, 1.2092780,
770, 18, 40514,   11,   89240,   49335,   39904, 0.0112834, 2.1272797,
771,  6, 34421,  268,  948670,  499016,  449653, 0.1402434, 1.1152455,
772,  9, 30543, 1796, 2622089, 1005760, 1616328, 0.3655946, 0.3289137,
773,  4, 56058, 8089, 2544801,       0, 2544800, 0.5006160, 0.2152656,
774,  6,  8201,  317, 1103604,  513857,  589746, 0.1683531, 1.1800627,
775, 19, 34879,   71,  311796,  208811,  102984, 0.0330814, 2.2058697,
776, 12, 32922, 5917, 2535047,       0, 2535046, 0.3511023, 0.2047155,
777, 10, 11994,  191,  668377,  377225,  291151, 0.0741858, 1.3215523,
778, 19, 25049, 1361, 1947307, 1212651,  734655, 0.2468591, 0.5362000,
779, 14,  5033,   28,  698369,   23436,  674932, 0.1333562, 0.5060867,
780, 18,  7142,  478, 1064086,  655816,  408269, 0.1089852, 0.9626716,
781, 16, 61494,  430,  959156,  505250,  453905, 0.1260324, 0.8692073,
782, 10, 19427, 9194, 2229594,       0, 2229593, 0.3375809, 0.2169030,
783, 20, 27277,  334,  715106,  278222,  436883, 0.1089109, 1.1776529,
784, 14,  7988,   28,  207368,   77644,  129723, 0.0293706, 1.2296232,
785, 10, 47385,  356, 1010200,  538984,  471215, 0.1349872, 1.0595088,
786,  5, 18778,  656, 1621531,  703232,  918298, 0.2202857, 0.9351443,
787, 10,  5645,   32,  512006,   56352,  455653, 0.1196961, 0.6581869,
788,  4, 42218, 5160, 2098474,       0, 2098473, 0.3634503, 0.2638558,
789, 10, 41282,   10,  134274,   52640,   81633, 0.0276746, 2.4155115,
790,  5, 22189, 9237, 2590862,       0, 2590861, 0.4184378, 0.2197410,
791, 13, 49414,  355,  843576,  390145,  453430, 0.1107550, 0.7792490,
792, 13, 41619,   63,  329613,  213003,  116609, 0.0383437, 2.2223888,
793, 19, 17203, 7573, 1406924,       0, 1406923, 0.3103844, 0.1708772,
794,  7, 15148, 6416, 1490899,       0, 1490898, 0.2735359, 0.1824720,
795, 11,  8351,   60,  403021,  156960,  246060, 0.0575607, 0.9789322,
796,  4, 21352, 4633, 1708274,       0, 1708273, 0.3026784, 0.1961494,
797,  9, 20955, 2098, 2263182,  419600, 1843581, 0.3124032, 0.2903557,
798, 19,  7727,   60,  287629,  158520,  129108, 0.0303233, 1.0131153,
799,  4, 29670,   72,  586833,  299088,  287744, 0.0921578, 2.2566434,
800, 14, 14007, 1363, 1985774, 1035880,  949893, 0.2625708, 0.4479801,
801, 12, 46993,  250,  804229,  486500,  317728, 0.0816983, 1.3957089,
802, 17,  5592,   24,  640259,   23784,  616474, 0.1169315, 0.4758862,
803,  7, 48426, 2175, 1816409,   71775, 1744633, 0.3202193, 0.3453513,
804, 13,  4788,  453,  989009,  523215,  465793, 0.1252580, 0.7706836,
805, 12, 10100, 6042, 3049867,       0, 3049866, 0.4153739, 0.1908399,
806, 15, 48668, 3102, 1355928,       0, 1355927, 0.3450088, 0.2372695,
807, 16,  4586,   27,  601425,   25650,  575774, 0.1143554, 0.4783760,
808,  9, 10459, 8387, 2386565,       0, 2386564, 0.3363576, 0.2328668,
809, 15,  5886, 3816, 1648883,       0, 1648882, 0.3124896, 0.2046416,
810,  6, 10702,   16,  245945,   68448,  177496, 0.0471904, 1.7306080,
811,  9, 13027,   26,  229085,  123370,  105714, 0.0276749, 2.3816980,
812, 12,  7390,   36,  312381,   96948,  215432, 0.0434231, 1.1914641,
813, 12, 59933,   96,  437080,  267456,  169623, 0.0490431, 1.9733631,
814, 18, 58041, 1532, 1831955,  799704, 1032250, 0.2238610, 0.4647545,
815,  8, 18721,  949, 1981816,  983164,  998651, 0.2791083, 0.7270750,
816,  6, 29210, 8079, 1622191,       0, 1622190, 0.3647719, 0.1911515,
817,  8, 35284,   16,  182959,   90912,   92046, 0.0272849, 2.2850673,
818,  6, 44267,  377, 1238767,  598676,  640090, 0.1560264, 0.9681075,
819, 12, 32172, 3948, 1407236,       0, 1407235, 0.3052027, 0.1873574,
820,  8, 31146,   30,  265869,  155190,  110678, 0.0414894, 2.2799965,
821, 13, 44896, 1381, 1893221,  759550, 1133670, 0.2432217, 0.3831025,
822,  4, 25634,  727, 1491776,  500903,  990872, 0.2038025, 0.5349226,
823,  4, 43451,  238, 1138951,  586670,  552280, 0.1759627, 1.8731267,
824,  4,  6051,   16, 1073134,   28208, 1044925, 0.1787313, 0.7018997,
825, 10, 32441,   19,  167876,   93252,   74623, 0.0284728, 2.3483260,
826,  7,  7628, 1042, 1579321,  417842, 1161478, 0.2426133, 0.4816789,
827, 11, 20726,   28,  201314,  127008,   74305, 0.0209083, 2.3188016,
828, 10, 42636,  164,  636843,  365064,  271778, 0.0826237, 1.8290482,
829,  5, 42652,   14,  298424,   79968,  218455, 0.0469445, 2.2846516,
830, 11, 43112,   40,  256438,  163560,   92877, 0.0257460, 2.2362910,
831, 16, 59271,   36,  206253,  139932,   66320, 0.0192985, 2.2867072,
832,  5, 37866, 2462, 1981259,  182188, 1799070, 0.3339344, 0.2644857,
833, 19,  6777,  359,  813225,  486086,  327138, 0.0716845, 0.6130190,
834,  7, 41232,   11,  170765,   64669,  106095, 0.0282998, 2.3265266,
835, 19, 13885,   29,  157257,  108721,   48535, 0.0139473, 2.0465542,
836,  9, 16078,   80,  433721,  267120,  166600, 0.0423864, 2.2549178,
837, 12,  7153,   59,  481923,  106200,  375722, 0.0807195, 0.6731775,
838,  4, 10512,   16,  276182,   61712,  214469, 0.0506541, 1.5717798,
839, 20,  8660,   31,  199089,   86831,  112257, 0.0286781, 0.9986864,
840,  7, 32871,  172,  785673,  423808,  361864, 0.1012396, 1.5696180,
841, 16, 39506, 1095, 1683849, 1055580,  628268, 0.2129340, 0.4658397,
842,  6,  5940, 1706, 1937468,  206426, 1731041, 0.2956572, 0.2792756,
843, 12, 16307, 1673, 1359610,   21749, 1337860, 0.2358223, 0.2567317,
844, 20,  8296, 1762,  948673,       0,  948672, 0.2112430, 0.1770605,
845,  5, 17815,  258, 1159814,  580242,  579571, 0.1534348, 1.2958453,
846, 16, 34942, 2614, 2103031,   57508, 2045522, 0.3167399, 0.2534093,
847, 15, 34844, 4405, 1763257,       0, 1763256, 0.2896797, 0.1899201,
848, 20, 12370,  465,  855336,  434775,  420560, 0.1162350, 0.6387107,
849, 15,  4289, 3894, 2412820,       0, 2412819, 0.3573560, 0.1920119,
850, 19, 50670,  568, 1082030,  581064,  500965, 0.1405993, 0.5910920,
851, 10, 37717,  564, 1272364,  615324,  657039, 0.1833391, 0.7231559,
852,  9, 17457, 3650, 2589901,       0, 2589900, 0.3594245, 0.1891662,
853,  9,  4083, 6555, 2035615,       0, 2035614, 0.3079199, 0.1832212,
854, 17, 29371,  249,  679232,  413838,  265393, 0.0735719, 0.9456229,
855, 15,  4461,   84,  692930,   83916,  609013, 0.1150548, 0.3706824,
856, 19,  4669,  541, 1067391,  605379,  462011, 0.1209549, 0.5732509,
857, 14, 11814,   19,  133096,   88882,   44213, 0.0144234, 1.9440028,
858,  4, 50947, 1594, 2341590,  825692, 1515897, 0.3361146, 0.3597807,
859, 19, 39094,   75,  318279,  211200,  107078, 0.0360125, 2.1340414,
860, 17, 61163,   35,  189351,  128765,   60585, 0.0184797, 1.6181174,
861, 14, 31392,  130,  491847,  311870,  179976, 0.0517018, 1.3450540,
862,  7, 29644,   34,  257951,  151946,  106004, 0.0292593, 2.2460280,
863,  4, 21774,   28,  477684,  145180,  332503, 0.0793102, 2.2889689,
864, 10, 11952,  410, 1022908,  524390,  498517, 0.1318187, 0.6990419,
865,  7,  5633,   54,  831371,   96336,  735034, 0.1552215, 0.6066562,
866, 19, 22234,  643, 1171125,  622424,  548700, 0.1528407, 0.6234328,
867, 15, 16074,  507, 1131969,  659100,  472868, 0.0991966, 0.5831375,
868,  8, 18782,   53,  386273,  231398,  154874, 0.0478683, 2.3299768,
869, 19,  7522,  444,  889205,  457320,  431884, 0.1096785, 0.5383683,
870, 10, 14401,   17,  170606,   96322,   74283, 0.0218980, 2.4734290,
871,  6, 26371,  256, 1054449,  551424,  503024, 0.1295294, 1.2063966,
872, 10,  9803,   65,  375406,  237965,  137440, 0.0443460, 1.9730021,
873, 17,  4606, 4093, 1395516,       0, 1395515, 0.3347322, 0.1360243,
874, 19, 18081,   38,  193260,  135014,   58245, 0.0163653, 1.4866209,
875,  7,  9339,  616, 1318897,  570416,  748480, 0.1848647, 0.3885893,
876, 20, 16931, 2441, 1239810,   12205, 1227604, 0.2816177, 0.2132690,
877, 12,  6037,   30,  469327,   54030,  415296, 0.1051226, 0.4839129,
878, 18,  7118,   42,  338640,   78666,  259973, 0.0614165, 0.4531936,
879, 14,  4244, 8475, 1931646,       0, 1931645, 0.3823834, 0.1400444,
880,  4, 38077, 2058, 2975947,  732648, 2243298, 0.4539873, 0.3383174,
881,  4, 45730, 2565, 2490971,  348840, 2142130, 0.3884486, 0.2233926,
882, 15,  7876,  983, 1541172,  803111,  738060, 0.2146236, 0.4204711,
883,  4, 11428, 2592, 2867309,  544320, 2322988, 0.4588217, 0.2165235,
884, 12, 51203, 2510, 2946764,  863440, 2083323, 0.4210795, 0.2510203,
885,  4, 26617, 5209, 3109224,       0, 3109223, 0.4840598, 0.1586729,
886, 15, 50605,  166,  563825,  351256,  212568, 0.0721371, 1.1052470,
887,  9,  4023,   12,  788180,   11796,  776383, 0.1629787, 0.2770301,
888, 20,  9828, 5371, 1843040,       0, 1843039, 0.2776005, 0.1411552,
889, 11,  8392,  509, 1247182,  675443,  571738, 0.1608924, 0.5720169,
890,  9,  4250,  674, 1363483,  603904,  759578, 0.1889064, 0.3667695,
891,  8, 31380,  763, 1538471,  663047,  875423, 0.2283548, 0.3945569,
892, 20, 33767,   23,  133707,   92437,   41269, 0.0129842, 1.7520737,
893, 12, 27910, 5632, 2975550,       0, 2975549, 0.3889811, 0.1647219,
894, 18, 59933,   21,  137898,   88284,   49613, 0.0142950, 1.4636945,
895, 20, 13786, 5710, 1630214,       0, 1630213, 0.3070894, 0.1542229,
896,  5, 44353,   17,  272751,  115651,  157099, 0.0392135, 2.4182378,
897,  7, 23650, 4762, 2289678,       0, 2289677, 0.4533594, 0.1543815,
898, 20, 30893,  508,  958193,  521208,  436984, 0.1209537, 0.4832013,
899, 15, 36975, 1614, 2054218, 1097520,  956697, 0.2715247, 0.2808004,
900, 15, 24661,  221,  646184,  374153,  272030, 0.0804781, 0.7033778,
901,  5, 51922,   79,  578641,  318686,  259954, 0.0652665, 2.2133883,
902,  5, 10787,  627, 1893379,  880308, 1013070, 0.2738814, 0.5769318,
903, 11,  5674,   61,  528277,  111874,  416402, 0.0904555, 0.4983028,
904,  8, 18780,   72,  434232,  259272,  174959, 0.0552584, 1.8128794,
905, 11,  4930, 4777, 1253548,       0, 1253547, 0.3245657, 0.1514378,
906,  6, 10714,   18,  319967,   75546,  244420, 0.0592623, 1.2961551,
907, 11, 12229,  197,  730183,  423944,  306238, 0.0884187, 1.2333386,
908,  7,  6395,  139,  842086,  244501,  597584, 0.1535428, 0.4376838,
909,  7, 62269, 2140, 2452720,  325280, 2127439, 0.3732402, 0.2316025,
910, 20,  7618, 1107, 1252364,  364203,  888160, 0.1919941, 0.3002695,
911, 20,  5858,  401,  841226,  454734,  386491, 0.1084120, 0.5132091,
912, 18, 20148, 3610, 1671604,       0, 1671603, 0.2641564, 0.1511003,
913,  7, 22173,  104,  510863,  284960,  225902, 0.0661809, 1.3997024,
914, 20,  4865,  543,  857044,  307881,  549162, 0.1239203, 0.3871018,
915, 17,  5176,   52,  700916,   47736,  653179, 0.1259416, 0.2826945,
916,  5, 38675,   13,  258696,   82056,  176639, 0.0439565, 2.2662454,
917, 15, 22215,   82,  349544,  224352,  125191, 0.0390560, 1.9558403,
918, 15,  7761,  783, 1451202,  747765,  703436, 0.1928856, 0.4533065,
919, 16, 12398,  338,  823399,  448526,  374872, 0.1070607, 0.6928145,
920, 13,  9628, 4706, 1755457,       0, 1755456, 0.2670701, 0.1475791,
921, 19,  8098,   16,  165927,   44832,  121094, 0.0252356, 0.7865820,
922, 20, 13620,   38,  190940,  131974,   58965, 0.0173995, 1.8820169,
923, 15, 19531,  472, 1093919,  608880,  485038, 0.1527386, 0.6644404,
924,  6, 14463,   30,  301201,  169050,  132150, 0.0369894, 2.4018758,
925, 15, 45041,  138,  524160,  329406,  194753, 0.0523329, 1.2235812,
926, 12, 10211,  248,  804682,  476656,  328025, 0.0808763, 0.9689041,
927,  8, 22428, 1827, 2168821,  403767, 1765053, 0.3585740, 0.2360617,
928, 10, 38179,   31,  232578,  146940,   85637, 0.0260560, 2.2399278,
929,  5, 11748,   21,  228646,   94122,  134523, 0.0298048, 1.5097113,
930, 10, 10073, 3225, 2707113,  109650, 2597462, 0.3919663, 0.2029681,
931,  6, 46440,  238,  887218,  464576,  422641, 0.1396710, 0.9580920,
932,  8, 58476,   40,  303660,  185200,  118459, 0.0340036, 2.2154784,
933,  7, 51445,  168,  855830,  441000,  414829, 0.1255154, 1.5773915,
934, 18,  6172, 1817, 1793071,  281635, 1511435, 0.2665051, 0.2216831,
935,  4, 18738, 3285, 2900733,   22995, 2877737, 0.4368495, 0.2082008,
936, 15, 54394,  240,  707637,  415440,  292196, 0.0829241, 0.7545890,
937,  8, 44846,  715, 1275371,  504075,  771295, 0.1862169, 0.4278157,
938, 14, 33147, 6685, 2730889,       0, 2730888, 0.3891970, 0.1677117,
939, 17, 41712,  124,  466042,  297352,  168689, 0.0460474, 1.4277053,
940, 20,  5644, 1447, 1657856,  654044, 1003811, 0.2255329, 0.2645101,
941,  6, 61336,   26,  296527,  156234,  140292, 0.0391227, 2.2535080,
942, 13, 32110, 1564, 2211201,  993140, 1218060, 0.2819260, 0.3045948,
943, 19, 32714, 7844, 1851511,       0, 1851510, 0.3568445, 0.1629022,
944,  9,  7926,   15,  346069,   40095,  305973, 0.0801671, 0.7674954,
945, 20, 47086,  840, 1236905,  659400,  577504, 0.1533533, 0.3163999,
946, 14, 11147,  837, 1298444,  613521,  684922, 0.1870918, 0.4487992,
947, 20, 19271, 6331, 1823464,       0, 1823463, 0.3058036, 0.1550176,
948, 18, 30530, 2234, 1789371,   82658, 1706712, 0.2863367, 0.2329550,
949,  8, 23677,   85,  433827,  248455,  185371, 0.0535290, 1.4456933,
950, 17, 19980,   26,  159152,  106158,   52993, 0.0184713, 1.5242674,
951,  4, 35133,  551, 1416470,  585162,  831307, 0.2186711, 0.5021929,
952, 14, 33360, 1181, 1790808,  855044,  935763, 0.2345395, 0.3110881,
953,  5, 39005,   26,  291873,  140478,  151394, 0.0434031, 2.2360200,
954, 13, 32481,  404,  864307,  395112,  469194, 0.1138789, 0.5892389,
955, 17,  4758,   41,  607671,   40631,  567039, 0.1265161, 0.3050993,
956, 16,  4978,   28,  580073,   27972,  552100, 0.1137076, 0.3294849,
957, 13, 15362,  565, 1290473,  678565,  611907, 0.1617434, 0.4474342,
958, 16, 47205, 7104, 1334557,       0, 1334556, 0.2426538, 0.1621238,
959, 20, 20683, 3709, 3412277,  293011, 3119265, 0.4334576, 0.2300388,
960, 13, 28689,  219,  714321,  426612,  287708, 0.0755241, 1.0952081,
961,  5, 11415, 3493, 1962778,       0, 1962777, 0.3634236, 0.1504144,
962, 11,  5611, 8963, 1286046,       0, 1286045, 0.3097226, 0.1429936,
963,  4, 23086,   83,  664990,  344699,  320290, 0.0899860, 2.2479829,
964, 20,  5146, 7622, 2321306,       0, 2321305, 0.3418233, 0.1460807,
965, 12, 44403,  290,  667537,  269700,  397836, 0.1010675, 0.5383125,
966,  6,  4223,   76,  999907,   75240,  924666, 0.1718276, 0.2761134,
967, 20,  5306,   84,  580125,   82908,  497216, 0.1126968, 0.2885136,
968, 20, 29091,   82,  317184,  206312,  110871, 0.0361703, 2.1609004,
969, 20, 14737,  283,  715622,  433273,  282348, 0.0677149, 0.9213497,
970, 18, 34536, 1509, 1853066,  820896, 1032169, 0.2331822, 0.2837459,
971, 12, 21775,  998, 1210392,  241516,  968875, 0.2150031, 0.3234222,
972,  9, 18736,   18,  180568,  107676,   72891, 0.0226231, 2.5062158,
973,  5,  6325,  151,  948157,  259418,  688738, 0.1436182, 0.5132038,
974,  4, 52897,   58,  411363,  210424,  200938, 0.0503048, 2.1058055,
975,  4, 55062, 1919, 2232198,  264822, 1967375, 0.3325784, 0.2377484,
976, 11, 60053, 3086, 3333225, 1123304, 2209920, 0.4109968, 0.3022724,
977, 20, 62961, 7759, 1501225,       0, 1501224, 0.2576071, 0.1862620,
978,  7, 56248,   40,  302879,  183320,  119558, 0.0384137, 2.3418429,
979,  4,  4448,   10, 1579056,    8970, 1570085, 0.2606803, 0.3280529,
980,  8, 19799, 5918, 2804365,       0, 2804364, 0.4061590, 0.1885937,
981, 17,  8603,  475,  954475,  409925,  544549, 0.1250660, 0.4321307,
982, 17, 16344, 2553, 2898668, 1353090, 1545577, 0.3740763, 0.2948299,
983, 10, 15841,  266,  861275,  489174,  372100, 0.0815923, 0.7457289,
984, 10,  6151, 4219, 2633093,       0, 2633092, 0.3891236, 0.1550080,
985, 16, 21545,  944, 1626054,  769360,  856693, 0.2154403, 0.4908890,
986,  8, 24773, 5860, 2951627,       0, 2951626, 0.4761049, 0.1623009,
987,  9,  6482,   28,  626558,   52780,  573777, 0.1254830, 0.5246065,
988,  4,  9088,   14,  347152,   44758,  302393, 0.0735971, 0.9331488,
989, 11, 11504,   38,  249888,  163172,   86715, 0.0265666, 2.2476693,
990, 17, 28101, 3660, 2509522,       0, 2509521, 0.3684954, 0.1686577,
991,  7, 29990, 5467, 2792575,       0, 2792574, 0.4435424, 0.1652293,
992, 11, 15391,   25,  194812,  125575,   69236, 0.0220921, 2.2697137,
993, 12, 51533,  185,  680787,  425870,  254916, 0.0722749, 1.1233183,
994, 10, 20507,   98,  455389,  281750,  173638, 0.0488199, 1.4527093,
995, 10, 29568, 1002, 1524575,  639276,  885298, 0.2265572, 0.4016292,
996, 17, 24733, 8000, 2068583,       0, 2068582, 0.3721650, 0.1599170,
997,  9,  4199,   24,  920969,   23760,  897208, 0.2058103, 0.3189605,
998, 13,  4946, 1552, 2022559, 1120544,  902014, 0.2510296, 0.3401232,
999, 15, 13023,  183,  582664,  338550,  244113, 0.0579890, 1.1970831,