  0,  4, 60887, 3822,  519343,  317226,  202116, 0.0811940,  33, 0.3953162,
  1,  9, 23052,   13,  151756,   74477,   77278, 0.0228023,   2, 2.2741890,
  2,  5,  9827, 1392,  529211,  130848,  398362, 0.1265488,  33, 0.4126332,
  3, 14,  4349,   14,  131481,    4144,  127336, 0.0558509,  34, 0.6475470,
  4, 13, 25343,  465,  283704,  109740,  173963, 0.0651949,  33, 0.9505756,
  5, 14, 63725, 2746,  471427,   43936,  427490, 0.0896152,  32, 0.5592115,
  6,  4, 16692,  275,  205825,   18150,  187674, 0.0749363,  33, 0.5636862,
  7,  4, 17611, 7148,  524841,   21444,  503396, 0.1438726,  32, 0.1989345,
  8,  6,  4797,  674,  417299,   97730,  319568, 0.1223153,  33, 0.6392765,
  9,  4,  4323,  216,  173991,   17496,  156494, 0.0634792,  33, 0.2807191,
 10,  9,  8914, 3754,  571804,   26278,  545525, 0.1466753,  32, 0.3308986,
 11, 20, 28008,   47,  139397,   14053,  125343, 0.0365109,  34, 2.1164327,
 12,  8,  7721,   17,  213613,    5066,  208546, 0.0774814,  34, 0.7725762,
 13,  7,  8239, 2825,  657304,  392675,  264628, 0.0855254,  33, 0.2685127,
 14, 15, 58777,  113,  163492,   33561,  129930, 0.0564177,  34, 2.0577594,
 15, 17, 29892,   31,  138490,    9207,  129282, 0.0453847,  34, 1.6907839,
 16, 13, 10453,  211,  217372,   63089,  154282, 0.0630058,  34, 1.1690747,
 17,  9,  7428, 5961,  650087,   89415,  560671, 0.1351439,  32, 0.3343284,
 18,  4, 27695,  591,  296491,   28959,  267531, 0.0964775,  33, 0.4896631,
 19, 19, 52006,   31,  126447,    9920,  116526, 0.0591958,  35, 2.0305460,
 20, 18,  8754,  973,  381376,  227682,  153693, 0.0544700,  33, 0.7411799,
 21,  8,  9327, 3484,  610882,   76648,  534233, 0.1359571,  32, 0.3549139,
 22,  5, 18520,  145,  281111,   45530,  235580, 0.1253169,  35, 1.4635141,
 23,  6,  5906,  162,  267961,   51192,  216768, 0.1372301,  35, 0.4656011,
 24, 13, 11754,   88,  169935,   26312,  143622, 0.0537152,  34, 1.6247235,
 25,  9, 56437,  108,  197258,   32184,  165073, 0.0560531,  34, 1.5782631,
 26, 15, 31152,   19,  124794,    5681,  119112, 0.0670446,  34, 1.9694719,
 27,  5, 21437, 4044,  639746,   12132,  627613, 0.1549450,  32, 0.2225629,
 28, 16,  6032,  368,  232152,   87216,  144935, 0.0698709,  33, 1.0428596,
 29, 16, 14852,   26,  137035,    7800,  129234, 0.0529762,  34, 2.0647806,
 30, 17, 16001, 3850,  502373,  111650,  390722, 0.0933275,  32, 0.7042226,
 31,  9, 19673, 1768,  428576,   21216,  407359, 0.1185036,  32, 0.4922479,
 32, 13,  6266,  536,  286409,  120600,  165808, 0.0464970,  33, 0.8002392,
 33, 14, 24354,   10,  113981,   45380,   68600, 0.0167642,   2, 2.2372229,
 34,  5, 20262,  871,  293135,  102778,  190356, 0.0729772,  33, 0.4920643,
 35,  4, 37391,   73,  146255,   22849,  123405, 0.1070282,  35, 2.0254191,
 36,  9,  4971, 5464,  609592,   60104,  549487, 0.1774850,  32, 0.3457572,
 37,  4,  8863,  685,  333327,   58910,  274416, 0.0990326,  33, 0.5644605,
 38,  5,  8509, 1422,  423394,  162108,  261285, 0.0896942,  33, 0.3636813,
 39, 13,  4582,  597,  299936,  140892,  159043, 0.0632307,  33, 0.7964415,
 40, 20,  4244, 6407,  494108,  185803,  308304, 0.0852235,  32, 0.7697033,
 41, 10,  4826,  789,  334788,  160956,  173831, 0.0583996,  33, 0.6637702,
 42, 18, 23398,   10,   84599,   45770,   38828, 0.0109230,   2, 2.2610036,
 43, 10, 27100,  232,  235771,   68672,  167098, 0.0665887,  34, 1.1792118,
 44, 11, 33224,   33,  175654,    9867,  165786, 0.0946751,  34, 2.0439454,
 45,  9, 37196, 2348,  530480,   25828,  504651, 0.1238003,  32, 0.4627785,
 46,  4, 34893, 2817,  381682,  185922,  195759, 0.1025222,  33, 0.3072290,
 47, 14, 14522, 4240,  496725,  127200,  369524, 0.1199909,  32, 0.5295129,
 48,  6, 56004,   89,  295071,   25899,  269171, 0.0875372,  34, 2.0342874,
 49,  8, 34514,   40,  161683,   11960,  149722, 0.0972571,  34, 2.0302971,
 50,  7,  6864,  646,  359196,   87210,  271985, 0.0900464,  33, 0.6785745,
 51, 10, 10464,  315,  212584,   65205,  147378, 0.0454869,  33, 0.9101365,
 52, 19, 10174,  291,  200538,   87009,  113528, 0.0581708,  34, 1.5895168,
 53, 11, 26998,  176,  186087,   52624,  133462, 0.0549427,  34, 1.2091929,
 54, 16,  5567,   16,  146162,    5120,  141041, 0.0773759,  35, 0.7657871,
 55, 18, 27450,   30,  126391,    8910,  117480, 0.0388057,  34, 1.9501998,
 56, 13, 10382,   18,  147969,    5364,  142604, 0.1038981,  34, 1.3741636,
 57,  5, 17939, 1717,  369438,  197455,  171982, 0.0709556,  33, 0.3807575,
 58, 20,  4644,   27,  119251,    8613,  110637, 0.0415147,  35, 0.9957346,
 59, 14,  5624,   14,  112814,    4186,  108627, 0.0451239,  34, 0.7166108,
 60, 16,  5520, 4453,  517964,   93513,  424450, 0.1167592,  32, 0.7039270,
 61, 12, 19528,   64,  178748,   19136,  159611, 0.0652394,  34, 2.1971424,
 62, 11, 35357, 3332,  540946,   66640,  474305, 0.1141319,  32, 0.5018886,
 63, 13, 10965, 3247,  504061,   71434,  432626, 0.0953599,  32, 0.5241655,
 64,  5, 11069, 2365,  432128,   14190,  417937, 0.1196060,  32, 0.3315765,
 65, 11,  5546, 2297,  549036,   29861,  519174, 0.1382168,  32, 0.5585934,
 66, 16,  8813,   24,  133770,    7656,  126113, 0.0598159,  35, 1.2290865,
 67, 12, 61574, 5404,  661596,  113484,  548111, 0.1342651,  32, 0.5832721,
 68,  4, 27990,  167,  140791,   14028,  126762, 0.0597102,  33, 1.0694475,
 69,  7,  4932,  726,  313953,  103092,  210860, 0.0683876,  33, 0.6346142,
 70, 12, 11649,  110,  174721,   32890,  141830, 0.0521676,  34, 2.1663393,
 71, 11, 18971,  115,  200642,   34270,  166371, 0.0591390,  34, 2.1193579,
 72, 10,  6017, 1631,  466160,   14679,  451480, 0.1081812,  32, 0.7313197,
 73, 17,  6102,  975,  387992,  228150,  159841, 0.0687962,  33, 1.3583956,
 74,  4, 53789, 2643,  539733,  195582,  344150, 0.1824461,  33, 0.5232991,
 75, 18, 21810, 1697,  390672,   28849,  361822, 0.0918330,  32, 1.1156961,
 76, 13, 10118,   10,  162634,   36520,  126113, 0.0316704,   2, 1.9223442,
 77,  4,  9480, 1868,  410169,  125156,  285012, 0.1006611,  33, 0.4304116,
 78, 13,  8178,   94,  189627,   28106,  161520, 0.0639421,  34, 2.1021074,
 79,  7, 18619,   18,  198383,    5310,  193072, 0.0627093,  34, 2.0357889,
 80, 18, 22724,  170,  164663,   50660,  114002, 0.0508444,  34, 1.4129422,
 81,  7, 43379,   93,  216129,   27621,  188507, 0.0588339,  34, 1.9381474,
 82, 15, 25351,  100,  176289,   29700,  146588, 0.0939411,  34, 2.0621137,
 83,  9, 17875,   26,  154645,    8320,  146324, 0.0724795,  35, 2.0777196,
 84, 12, 19928,  160,  187617,   47360,  140256, 0.0766501,  34, 1.2846587,
 85,  8, 43014,  140,  228970,   41860,  187109, 0.0666779,  34, 1.3316842,
 86,  4,  5759, 3537,  466831,   35370,  431460, 0.1320025,  32, 0.2151438,
 87, 10, 43043, 1805,  567235,   36100,  531134, 0.1394811,  32, 0.5051807,
 88, 12,  6525,  107,  191297,   31886,  159410, 0.0563733,  34, 0.7670009,
 89, 16,  6450,   47,  130458,   14053,  116404, 0.0534181,  34, 0.9155009,
 90,  7,  5048, 1286,  468426,  191614,  276811, 0.0924967,  33, 0.5080671,
 91, 12, 21888,   94,  182561,   28012,  154548, 0.0488949,  34, 2.0429293,
 92, 19, 29145,   26,  124722,    7748,  116973, 0.0515362,  34, 2.0539791,
 93, 16, 12169, 1188,  444270,  277992,  166277, 0.0428189,  33, 0.8141094,
 94,  4,  5549,   60,  370022,   18900,  351121, 0.1435549,  35, 0.4966917,
 95, 10,  7463,   16,  165390,    4800,  160589, 0.0599458,  34, 0.7968914,
 96, 14, 15629,   17,  137123,   75038,   62084, 0.0159944,   2, 2.3277676,
 97, 11, 19439, 1846,  603357,   31382,  571974, 0.1841576,  32, 0.5980030,
 98, 14, 42740, 2205,  503666,   37485,  466180, 0.1107242,  32, 0.9427446,
 99, 13, 13822,  263,  224329,   78111,  146217, 0.0506198,  34, 1.5097122,
100, 13, 59879,  649,  324990,  152515,  172474, 0.0469729,  33, 1.0060686,
101,  5, 12798,  154,  299772,   47740,  252031, 0.1136736,  35, 2.0529145,
102, 12, 38204, 2022,  549996,   40440,  509555, 0.1100829,  32, 1.0174529,
103, 11,  4631,   11,  147012,    3245,  143766, 0.0426627,  34, 0.6717908,
104, 14, 16098,  375,  250925,   87375,  163549, 0.0528210,  33, 1.1463494,
105,  6, 32414, 6991,  548396,   48937,  499458, 0.1664018,  32, 0.3244723,
106,  7, 13040,   28,  188672,    8904,  179767, 0.1502707,  35, 2.0317933,
107, 11,  7935,   20,  176815,    5900,  170914, 0.0698113,  34, 0.9661091,
108,  4,  5864, 2444,  447826,  173524,  274301, 0.0777491,  33, 0.3224069,
109,  5,  5163,   17,  157076,    4930,  152145, 0.0518279,  34, 0.5073878,
110, 17, 12924, 3889,  501302,   97225,  404076, 0.1050793,  32, 0.8846168,
111, 17, 14201,  104,  162503,   33072,  129430, 0.0695495,  35, 1.9695132,
112,  9,  6318,   53,  214287,   15794,  198492, 0.0953377,  34, 0.6476184,
113, 11, 17522,  201,  181789,   59496,  122292, 0.0546413,  34, 1.1467814,
114, 10, 57626,  334,  225299,   99198,  126100, 0.0329979,  34, 1.1437639,
115,  8, 11671,   13,  159046,    3848,  155197, 0.0639883,  34, 2.0627024,
116, 13, 10869, 7539,  675528,  211092,  464435, 0.1087426,  32, 0.9683757,
117, 16,  4532,   36,  139128,   10800,  128327, 0.0581414,  34, 0.9594224,
118, 10, 19518, 5277,  555174,   68601,  486572, 0.1050785,  32, 0.4757593,
119, 13, 51179,   34,  152014,   10098,  141915, 0.0630475,  34, 2.0483966,
120, 10,  5927,   23,  173797,    6877,  166919, 0.0773621,  34, 0.7439587,
121, 11, 13654, 2625,  444188,   70875,  373312, 0.1098652,  32, 0.6478604,
122, 16,  7624,  179,  163946,   53342,  110603, 0.0389336,  34, 1.9972779,
123, 17,  8237, 5354,  560149,  133850,  426298, 0.0922531,  32, 0.8075602,
124,  4, 13926, 5533,  710607,  381777,  328829, 0.1219251,  33, 0.2510945,
125, 14, 16290,   40,  146794,   11880,  134913, 0.0520543,  34, 1.8971571,
126, 16, 20013,  134,  153181,   39798,  113382, 0.0369555,  34, 1.5727386,
127, 18, 23078,   48,  134672,   14208,  120463, 0.0520564,  34, 1.8326948,
128, 13, 10877,   18,  143083,    5382,  137700, 0.0520595,  34, 1.6358945,
129, 13, 10518,   35,  169272,   10325,  158946, 0.0741878,  34, 1.7746471,
130, 17, 19743, 7829,  582143,  195725,  386417, 0.0847338,  32, 0.6911932,
131, 13, 16818,  194,  211077,   58006,  153070, 0.0802037,  34, 1.2857625,
132, 18,  5844,  349,  213404,  104351,  109052, 0.0431562,  34, 1.5021847,
133, 13,  6675,  293,  243820,   87900,  155919, 0.0595078,  34, 1.4800656,
134, 16, 26546,  252,  213228,   75096,  138131, 0.0507825,  34, 1.2736374,
135, 18, 63879,   33,  121338,    9867,  111470, 0.0387599,  34, 1.9155789,
136, 17, 17681, 4344,  520466,   99912,  420553, 0.0896207,  32, 0.6875818,
137,  9, 19039, 4768,  569399,   52448,  516950, 0.1282724,  32, 0.4132108,
138,  5, 18961,  249,  376197,   78684,  297512, 0.1168397,  35, 1.2914297,
139, 20, 35737,   43,  129580,   12771,  116808, 0.0398737,  34, 2.0583790,
140, 13, 20426,  501,  298215,  118737,  179477, 0.0557734,  33, 0.7142360,
141,  6,  6393, 7396,  496660,   44376,  452283, 0.1098717,  32, 0.2584815,
142,  9, 63884,  328,  275801,   97744,  178056, 0.0797004,  34, 1.0227189,
143,  4, 30525,  562,  389444,   38778,  350665, 0.1006752,  33, 0.8432303,
144, 18, 45097,   97,  141581,   28906,  112674, 0.0379193,  34, 2.1046706,
145, 13, 39652, 2419,  483853,   58056,  425796, 0.0990899,  32, 0.7649717,
146,  7, 29137,  713,  306508,   89125,  217382, 0.0707249,  33, 0.7517741,
147,  8, 29528,   30,  220922,    8940,  211981, 0.0905132,  34, 2.0396395,
148,  4, 12412, 1240,  356016,   69440,  286575, 0.0784868,  33, 0.4842747,
149, 16,  5269,  391,  256689,  116909,  139779, 0.0880319,  34, 1.4050767,
150,  9,  5873,  159,  251702,   46905,  204796, 0.1025249,  34, 0.8580457,
151,  4, 30024,  140,  164748,   44100,  120647, 0.1689044,  35, 1.8645340,
152, 19,  5901,   48,  120379,   14400,  105978, 0.0411195,  34, 1.7678411,
153,  8,  8240,   94,  191047,   27824,  163222, 0.0671871,  34, 2.0151365,
154,  5,  7787, 3295,  582912,  309730,  273181, 0.0829375,  33, 0.3047268,
155,  9, 45316,  582,  324793,  112908,  211884, 0.0741511,  33, 0.8820224,
156, 11, 10813,   16,  145511,    4768,  140742, 0.0451494,  34, 1.8545167,
157, 10, 11427,   28,  168407,    8400,  160006, 0.0990472,  34, 2.0353118,
158,  6,  6162,  362,  264038,   45612,  218425, 0.0826722,  33, 0.8196408,
159,  7,  8179,   17,  219933,    4998,  214934, 0.0773916,  34, 0.9719377,
160, 12, 31827, 3651,  448266,   62067,  386198, 0.0997384,  32, 0.6490053,
161, 18,  4034,   14,  121499,    4186,  117312, 0.0883530,  34, 0.9854210,
162, 20, 61226,  832,  349503,  199680,  149822, 0.0453195,  33, 1.3686202,
163,  7,  7070,  341,  288971,   47740,  241230, 0.0947388,  33, 1.1251935,
164, 13,  5662,   12,  133506,    3588,  129917, 0.0583110,  34, 0.7425141,
165, 14, 24061,  627,  291066,  147345,  143720, 0.0575627,  33, 0.9863555,
166, 14,  7523,   34,  152988,   10200,  142787, 0.0600676,  34, 1.2435568,
167, 19, 28993, 3085,  466216,   80210,  386005, 0.1005757,  32, 0.9880186,
168,  9, 47296,   22,  228220,    6578,  221641, 0.0982114,  34, 2.0392069,
169, 14,  8450,   74,  173707,   22052,  151654, 0.1034882,  34, 2.0509646,
170,  7,  5320,   17,  228365,    5049,  223315, 0.0695645,  34, 0.4780426,
171, 19, 46719,  147,  155239,   44100,  111138, 0.0424007,  34, 2.0743362,
172, 10, 18813, 1488,  508158,  312480,  195677, 0.0607638,  33, 0.6522145,
173, 15, 23551, 3322,  538304,   76406,  461897, 0.1160416,  32, 0.9993075,
174,  5, 58642,  272,  267501,   85136,  182364, 0.0920110,  35, 1.3884835,
175,  4, 14660, 9318,  428393,   37272,  391120, 0.1032541,  32, 0.3923138,
176,  4, 19921,  915,  168042,   69540,   98501, 0.0325822,  33, 0.5734602,
177, 17, 52450, 1238,  370902,   33426,  337475, 0.0834699,  32, 1.0386254,
178, 15, 19996, 5157,  620762,   77355,  543406, 0.1490766,  32, 0.7600384,
179, 18,  5683, 1408,  469458,   52096,  417361, 0.1108998,  32, 1.1327167,
180, 13, 10662,   95,  188030,   28215,  159814, 0.0601387,  34, 2.0441107,
181, 17, 25361, 2343,  499462,   70290,  429171, 0.1069880,  32, 0.8322011,
182, 20, 26319, 1160,  433633,  276080,  157552, 0.0425739,  33, 0.9820371,
183, 13,  9197,   14,  133223,    4186,  129036, 0.0665641,  34, 1.9280051,
184, 16, 29630,   56,  138475,   16744,  121730, 0.0350292,  34, 2.2352859,
185, 14,  7171, 4248,  575304,  101952,  473351, 0.1054859,  32, 0.5745836,
186,  7, 59346, 7617,  854434,   30468,  823965, 0.1831748,  32, 0.3499559,
187,  5, 56826, 9879,  731899,   29637,  702261, 0.1632524,  32, 0.3106119,
188, 11,  6063, 2147,  509596,   40793,  468802, 0.1147394,  32, 0.5853201,
189, 20, 39419,  241,  180342,   71818,  108523, 0.0524360,  34, 1.7766205,
190, 12, 20865, 8903,  716121,  124642,  591478, 0.1563536,  32, 0.7004088,
191, 16,  6273,  163,  183655,   48574,  135080, 0.0490473,  34, 1.9754156,
192, 17, 11530, 3419,  485784,  136760,  349023, 0.0872267,  32, 0.7180251,
193,  5, 17440,   57,  224823,   18240,  206582, 0.1054768,  35, 2.0874170,
194,  6, 17393,  109,  234824,   31719,  203104, 0.0998401,  34, 1.7591451,
195, 11, 60221, 1133,  472986,  260590,  212395, 0.0958504,  33, 0.9322219,
196,  5, 16947, 9064,  832452,   27192,  805259, 0.1851780,  32, 0.3071210,
197,  9,  5313, 2987,  765559,   20909,  744649, 0.1769549,  32, 0.6292546,
198, 12, 14047, 1982,  569504,   27748,  541755, 0.1312607,  32, 0.7421556,
199, 11, 27405,  781,  389866,  182754,  207111, 0.0613068,  33, 0.9197540,
200, 17, 17196, 2624,  458366,   62976,  395389, 0.1072534,  32, 0.7095659,
201, 20,  4782,  194,  171760,   58006,  113753, 0.0407639,  34, 0.9205651,
202, 11,  9203,   23,  152824,    6877,  145946, 0.0599518,  34, 1.1598149,
203, 14, 37328, 1335,  472998,   21360,  451637, 0.1017767,  32, 0.6774083,
204,  9, 30203,   24,  189097,    7128,  181968, 0.0666566,  34, 2.0364493,
205, 16,  7619,   61,  149688,   18239,  131448, 0.0557603,  34, 1.2647404,
206,  6,  5325, 5037,  939698,   35259,  904438, 0.2234950,  32, 0.3096221,
207, 15, 33014,  344,  236363,   79464,  156898, 0.0522998,  33, 1.3747561,
208, 14, 36223, 4173,  520581,   79287,  441293, 0.0983826,  32, 0.7105057,
209,  6, 16710, 3213,  465994,   22491,  443502, 0.1185796,  32, 0.3470373,
210,  7,  4085, 1006,  430599,  183092,  247506, 0.0897195,  33, 0.7199495,
211,  6, 34471, 2678,  556884,  324038,  232845, 0.0651713,  33, 0.4369024,
212,  7, 57917,  124,  221616,   36580,  185035, 0.0775309,  34, 1.6361886,
213, 12, 13197,   59,  163638,   17641,  145996, 0.0643578,  34, 2.0588730,
214, 10, 11412,  164,  209165,   49036,  160128, 0.0503751,  34, 1.4175411,
215, 19,  5569,  289,  196885,   86411,  110473, 0.0445172,  34, 1.7992722,
216,  4, 50741, 1823,  506881,  136725,  370155, 0.1124532,  33, 0.3662219,
217, 19, 23574, 1394,  380440,   39032,  341407, 0.0822615,  32, 0.9949915,
218, 20, 23661, 2505,  461447,   85170,  376276, 0.1139248,  32, 0.9372255,
219, 19,  7878, 7560,  712527,  279720,  432806, 0.0957377,  32, 0.7959591,
220, 18, 22039,  150,  151532,   45000,  106531, 0.0490077,  34, 1.9421982,
221, 16, 30347,  122,  177244,   36234,  141009, 0.0573844,  34, 1.8585948,
222,  5, 34997, 8988,  702948,   53928,  649019, 0.2118150,  32, 0.3060414,
223,  8, 29662,  116,  235135,   34452,  200682, 0.0637922,  34, 1.9173726,
224, 20, 38401,  316,  217875,   94800,  123074, 0.0784192,  34, 1.5575892,
225, 18, 12033, 6225,  620284,  267675,  352608, 0.0823811,  32, 0.7196141,
226,  6, 29966, 8669,  631580,   34676,  596903, 0.1948365,  32, 0.2878918,
227,  4,  9300,  216,  271566,   52056,  219509, 0.0806911,  34, 0.9998311,
228, 17,  5444, 4220,  559673,  101280,  458392, 0.1018301,  32, 0.7665522,
229,  9, 10315,  178,  241979,   53044,  188934, 0.0791176,  34, 1.2666835,
230, 14, 24608,   23,  138537,    6854,  131682, 0.0465710,  34, 2.0542226,
231,  9, 24015, 2345,  530456,   21105,  509350, 0.1387906,  32, 0.4400332,
232, 12,  8905,   39,  178036,   11661,  166374, 0.1084317,  34, 1.1736661,
233, 20, 24819,  767,  311345,  182546,  128798, 0.0391559,  33, 1.1344733,
234, 17, 20201,  122,  158843,   36478,  122364, 0.0435429,  34, 1.7543118,
235, 12, 62524,  910,  381672,  214760,  166911, 0.0523301,  33, 0.6098902,
236, 19, 24976,   56,  136373,   16800,  119572, 0.0501394,  34, 2.1147877,
237, 13, 41721, 3100,  449948,   71300,  378647, 0.0965859,  32, 0.5823027,
238, 15, 10488,  608,  301027,  142880,  158146, 0.0578597,  33, 0.8012843,
239,  9, 17374,   22,  185718,    6556,  179161, 0.0679219,  34, 2.0316963,
240, 13, 11531, 1335,  501148,  313725,  187422, 0.0488998,  33, 0.6382421,
241, 15,  5401,  118,  164905,   35400,  129504, 0.0643153,  34, 0.6692327,
242,  6, 16999, 8004,  833350,   88044,  745305, 0.1548319,  32, 0.2664383,
243, 13, 18981,   30,  157403,    8970,  148432, 0.0457855,  34, 2.0590465,
244,  5,  6807,   97,  347404,   30264,  317139, 0.1246642,  35, 0.4845906,
245,  9, 18623,  196,  200217,   57624,  142592, 0.0590004,  34, 0.9322562,
246,  8, 46081,  558,  388963,   84816,  304146, 0.1104654,  33, 0.7448521,
247, 11,  5890, 2929,  465413,   38077,  427335, 0.1071408,  32, 0.4160659,
248, 18, 16123,  890,  357541,  210930,  146610, 0.0589938,  33, 0.9644108,
249,  6,  5581,   20,  236941,    5900,  231040, 0.0762873,  34, 0.4965153,
250, 11,  9855,  935,  358071,  198220,  159850, 0.0593954,  33, 0.6149738,
251,  8, 53742,  149,  225391,   44253,  181137, 0.1148444,  34, 1.1633430,
252, 14,  9624,   30,  135609,    8910,  126698, 0.0455994,  34, 1.3091784,
253, 20, 17463, 2003,  377619,   74111,  303507, 0.0886912,  32, 0.8977274,
254, 20,  5616,   14,  110588,    4466,  106121, 0.0507369,  35, 0.8779157,
255, 15, 58434,   27,  132066,    8100,  123965, 0.0492969,  34, 2.0021925,
256, 20,  6829, 5957,  655220,  303807,  351412, 0.1009013,  32, 0.7465970,
257, 19,  5323, 5179,  576913,  181265,  395647, 0.0877006,  32, 0.7135018,
258,  8, 34380,  166,  244137,   48472,  195664, 0.0914126,  34, 1.4327282,
259,  7, 48690,  146,  224038,   43216,  180821, 0.0561827,  34, 1.2933932,
260,  8, 18900, 6201,  700070,   80613,  619456, 0.2138942,  32, 0.3296710,
261, 20, 11898,  108,  155607,   32400,  123206, 0.0473899,  34, 2.0830386,
262, 15, 14353,   27,  121197,    8073,  113123, 0.0619192,  34, 2.1403387,
263,  4,  6533, 4896,  752047,  372096,  379950, 0.1189304,  33, 0.2206861,
264, 19,  6987,  258,  200880,   77400,  123479, 0.0509186,  34, 1.4859230,
265, 10, 12789,  345,  276858,  102465,  174392, 0.0924277,  34, 0.8196530,
266, 14, 59773,   94,  163098,   28012,  135085, 0.0469390,  34, 1.8310805,
267,  7,  7339, 9196,  584729,  110352,  474376, 0.1074385,  32, 0.2875004,
268,  7,  8840,  203,  240955,   60494,  180460, 0.0541222,  34, 0.9466322,
269, 14,  5683,  217,  200632,   64883,  135748, 0.0576139,  34, 0.7392197,
270,  6, 15134, 4554,  706045,   22770,  683274, 0.1813333,  32, 0.2545536,
271, 12,  8747,  217,  229465,   64449,  165015, 0.0622868,  34, 1.1757133,
272, 13,  7639,   17,  109808,    5100,  104707, 0.0904651,  34, 0.9458470,
273, 16,  5097,   90,  164521,   27000,  137520, 0.0516808,  34, 0.7200890,
274, 20, 26549, 8732,  731893,  349280,  382612, 0.1042934,  32, 0.7808592,
275, 11, 34191,   33,  182328,    9867,  172460, 0.0681085,  34, 2.0768809,
276,  4, 12179, 8942,  827736,   35768,  791967, 0.2161827,  32, 0.2084585,
277,  4, 15937,   12,  205033,    3720,  201312, 0.0946188,  35, 2.0334292,
278,  8, 16115, 1402,  544810,  283204,  261605, 0.0757732,  33, 0.5494489,
279, 19, 28777, 3668,  552717,  143052,  409664, 0.0984132,  32, 0.7564813,
280,  8,  9008,   17,  148780,    4998,  143781, 0.0683654,  34, 1.0122732,
281, 15, 56432,  449,  260558,  104168,  156389, 0.0630004,  33, 0.8553213,
282, 13, 61258, 5467,  513072,  103873,  409198, 0.1181836,  32, 0.4995619,
283,  8,  4756,  628,  310919,  113668,  197250, 0.0570343,  33, 0.5071467,
284,  7, 20874, 3190,  572716,   28710,  544005, 0.1189043,  32, 0.2997652,
285, 19, 15077, 3777,  537279,   94425,  442853, 0.0936367,  32, 0.7066650,
286, 13, 38821,   88,  161225,   26312,  134912, 0.0477000,  34, 1.6734129,
287, 15, 28155, 1218,  447490,  289884,  157605, 0.0507480,  33, 0.8668780,
288,  9, 22883,  934,  374862,  189602,  185259, 0.0629294,  33, 0.5273702,
289, 20,  4003,   31,  105142,    9300,   95841, 0.0480558,  34, 0.7909464,
290, 11, 14361, 8434,  748806,  134944,  613861, 0.1237181,  32, 0.4165455,
291,  5, 28920,   13,  249265,    4056,  245208, 0.0925490,  35, 2.1002542,
292,  6,  9248,   46,  196544,   14536,  182007, 0.1317014,  35, 0.8619755,
293, 16, 54687,   10,   91717,   53110,   38606, 0.0110568,   2, 2.4260294,
294, 11, 46369, 2368,  639138,   16576,  622561, 0.1655533,  32, 0.4831115,
295, 16,  9608,  125,  173553,   37375,  136177, 0.0760070,  34, 1.5146038,
296, 18,  4630, 1112,  434533,  263544,  170988, 0.0568829,  33, 0.8598698,
297,  4, 10503,  169,  194064,   38025,  156038, 0.0588209,  34, 0.8350238,
298, 19,  6714,  133,  165832,   39767,  126064, 0.0411010,  34, 2.0130759,
299, 13, 14234,  294,  224948,   87318,  137629, 0.0744711,  34, 1.0078493,
300, 18,  4179,  903,  365777,  207690,  158086, 0.0386535,  33, 1.0119659,
301, 19, 26624, 7720,  769411,  277920,  491490, 0.1015288,  32, 0.7382200,
302,  5,  5093, 9465,  732502,   37860,  694641, 0.1588181,  32, 0.2060118,
303, 11, 61535, 5160,  650870,   25800,  625069, 0.1382289,  32, 0.4233562,
304, 13,  8923,   14,  149410,    4130,  145279, 0.0631689,  34, 0.9616035,
305, 18, 51744, 5056,  452168,   45504,  406663, 0.0925588,  32, 0.6701368,
306, 11, 37676,  552,  344687,  127512,  217174, 0.0764315,  33, 0.8143426,
307, 16,  7158, 9235,  621482,  203170,  418311, 0.1371928,  32, 0.6366024,
308,  4,  8413, 1300,  443893,  105300,  338592, 0.1172633,  33, 0.3765473,
309,  6, 10077,   59,  211610,   18585,  193024, 0.0746104,  35, 1.1743127,
310,  8, 10543,   15,  177108,    4470,  172637, 0.1031212,  34, 1.0028397,
311, 12, 43430,  357,  277402,  106743,  170658, 0.0932993,  34, 0.8627410,
312, 12,  9567, 1876,  531505,   24388,  507116, 0.1201913,  32, 0.4986027,
313, 11, 14306,  478,  266213,  109940,  156272, 0.0735679,  33, 0.7798278,
314, 12,  4298,  261,  252429,   77256,  175172, 0.0864653,  34, 0.5404173,
315,  6, 54399,   18,  257164,  115326,  141837, 0.0379499,   2, 2.3329632,
316, 11,  5022, 2920,  454328,   52560,  401767, 0.1022099,  32, 0.4449507,
317,  6, 24179,   80,  290628,   25040,  265587, 0.1105021,  35, 2.1067771,
318, 12, 26303, 1910,  621641,   36290,  585350, 0.1298390,  32, 0.5810994,
319, 20,  4008,   58,  127458,   17342,  110115, 0.0584497,  34, 0.8892175,
320, 17, 26172, 1695,  403013,   47460,  355552, 0.0932780,  32, 0.6659926,
321, 12,  5506, 6244,  535633,   74928,  460704, 0.1126930,  32, 0.4212540,
322, 14,  6291, 1492,  530372,   35808,  494563, 0.1280214,  32, 0.5556865,
323, 14, 17519,  205,  204958,   60680,  144277, 0.0567072,  34, 1.4768963,
324, 15, 24097,  468,  265572,  109980,  155591, 0.0474841,  33, 0.8328009,
325,  7, 20666,   53,  181886,   15794,  166091, 0.0639747,  34, 2.0334491,
326, 17, 12521, 1961,  537636,   31376,  506259, 0.1013519,  32, 0.8754939,
327, 14,  4057, 5338,  491665,  117436,  374228, 0.0882756,  32, 0.6585185,
328, 12, 13204, 6498,  606463,   90972,  515490, 0.1246393,  32, 0.7878683,
329,  7, 12432,   69,  203759,   20424,  183334, 0.0826237,  34, 2.0332286,
330,  4, 19672,  182,  330883,   38402,  292480, 0.1046395,  34, 1.6433593,
331,  5,  7847, 1769,  539375,  169824,  369550, 0.1429497,  33, 0.5488697,
332, 10, 21214,   28,  163446,    8344,  155101, 0.0868505,  34, 2.0553470,
333,  4, 19691, 1251,  434697,   80064,  354632, 0.1756788,  33, 0.6757277,
334,  8,  7525,  126,  238345,   39816,  198528, 0.0811460,  35, 2.0440730,
335, 16, 17984,   32,  115437,    9568,  105868, 0.0486280,  34, 2.1054004,
336, 17, 19886,   76,  143739,   22344,  121394, 0.0607468,  34, 2.2028219,
337,  5, 11509,  952,  317886,  108528,  209357, 0.0728612,  33, 1.4122983,
338, 18, 56962,  417,  228735,   97995,  130739, 0.0461502,  33, 1.9882845,
339,  4, 30468,   22,  219973,    6908,  213064, 0.1334287,  35, 2.0914589,
340, 13,  6105,  109,  161605,   32373,  129231, 0.0508597,  34, 1.1919783,
341,  6,  9182,   79,  228469,   23384,  205084, 0.0778783,  34, 1.9037794,
342,  4,  5639,   37,  224317,   11655,  212661, 0.0979217,  35, 0.6911888,
343,  7, 40389,   23,  197092,    6854,  190237, 0.0627348,  34, 2.0489626,
344, 17, 13666,   76,  148885,   22648,  126236, 0.0673204,  34, 2.1137551,
345,  7, 12917,   11,  195172,    3212,  191959, 0.0936409,  34, 2.0341436,
346,  4, 11858,   38,  195786,   11780,  184005, 0.1215469,  35, 2.0335590,
347, 14, 22608, 6252,  570016,  125040,  444975, 0.1066456,  32, 0.7151453,
348, 20,  6749,   20,  116456,    5980,  110475, 0.0485176,  34, 1.1350650,
349, 19,  4970,  103,  136273,   30900,  105372, 0.0424102,  34, 1.0493649,
350,  7, 36924,  193,  223474,   55970,  167503, 0.0604685,  34, 1.0378406,
351, 15, 32067,  534,  296825,  127092,  169732, 0.0556074,  33, 0.9630132,
352, 20, 19204,  177,  168079,   53100,  114978, 0.0569114,  34, 2.0660276,
353, 19,  8601,   27,  124353,    8073,  116279, 0.0679006,  34, 1.3994929,
354, 10, 25933,   91,  220724,   26936,  193787, 0.0559719,  34, 2.1653335,
355, 11,  6966,  218,  214418,   65182,  149235, 0.0663240,  34, 1.2382235,
356,  7, 10839, 1166,  443227,  183062,  260164, 0.0972985,  33, 0.4797435,
357, 14,  5073,   11,  132598,    3278,  129319, 0.0625949,  34, 0.7491984,
358, 15, 27049,   50,  159581,   14950,  144630, 0.0647745,  34, 2.0572945,
359,  5, 18606,   15,  220920,    4650,  216269, 0.1404138,  35, 2.0560695,
360, 14, 31409,   50,  154677,   15000,  139676, 0.0387036,  34, 1.9606528,
361,  6, 13069,  100,  218993,   31600,  187392, 0.0979627,  35, 2.1880240,
362, 17,  6834,  942,  400623,  223254,  177368, 0.0661939,  33, 1.3891874,
363, 11, 10337, 3856,  656054,   84832,  571221, 0.1279670,  32, 0.7105621,
364,  9, 13245, 6979,  560240,   76769,  483470, 0.1345854,  32, 0.5650917,
365, 17, 13433,   24,  125156,    7680,  117475, 0.0446205,  35, 2.2093028,
366,  7, 13672,   49,  233823,   14455,  219367, 0.0933669,  34, 2.0477214,
367,  9, 40298,  143,  209334,   42042,  167291, 0.0741413,  34, 2.0752648,
368,  8, 56585, 2171,  528848,   28223,  500624, 0.1255487,  32, 0.6511573,
369, 20,  6312, 2950,  394115,   76700,  317414, 0.0718876,  32, 0.8755565,
370, 11, 56231,  422,  277682,  125334,  152347, 0.0538192,  34, 0.9113238,
371,  5, 22488, 2429,  429512,  242900,  186611, 0.0727111,  33, 0.3056373,
372,  4, 32530,   27,  136193,    8559,  127633, 0.1007248,  35, 2.1288318,
373, 19,  4069,   74,  154640,   23680,  130959, 0.0543384,  35, 1.1171977,
374, 16, 54881, 5386,  479139,  102334,  376804, 0.1286250,  32, 0.6239555,
375,  8, 58697,   12,  163407,   79164,   84242, 0.0237997,   2, 2.4433356,
376, 20, 37418,  192,  159858,   57408,  102449, 0.0546724,  34, 1.3802839,
377, 17, 26471,   92,  154271,   27600,  126670, 0.0532405,  34, 1.7283761,
378, 15,  8807,   15,  144671,    4485,  140185, 0.0702940,  34, 1.0159747,
379,  6, 37677, 3469,  510402,   31221,  479180, 0.1670080,  32, 0.3145499,
380,  6, 27403,  177,  270317,   52215,  218101, 0.1082565,  34, 1.3128492,
381,  8, 50207,  149,  238499,   44253,  194245, 0.0598013,  34, 1.3462673,
382,  9,  4267,  746,  362686,  124582,  238103, 0.0833541,  33, 0.4004191,
383,  8, 46599,   74,  189692,   21978,  167713, 0.0821166,  34, 1.7482474,
384, 19, 45332, 3575,  475709,  117975,  357733, 0.0977602,  32, 0.7030268,
385, 17, 13278, 7042,  674243,  316890,  357352, 0.0925677,  32, 0.6756862,
386,  5, 16530,   21,  262842,    6636,  256205, 0.1541236,  35, 2.0287257,
387,  6, 27615,   80,  287250,   23680,  263569, 0.0945125,  34, 2.1193528,
388,  4,  4931,   36,  121781,   11448,  110332, 0.0813907,  35, 0.2918149,
389, 12, 60563,   22,  160794,    6578,  154215, 0.0523805,  34, 2.3771720,
390, 16,  7991,  125,  170532,   37250,  133281, 0.0498027,  34, 1.4995731,
391, 10,  5865,  355,  261013,  105790,  155222, 0.0522430,  34, 0.7968084,
392,  6,  9299, 2264,  489218,   22640,  466577, 0.1216442,  32, 0.2390507,
393, 19, 58202,  667,  293590,  156078,  137511, 0.0398849,  33, 1.1070540,
394, 15, 25260,   14,  103600,   67942,   35657, 0.0132972,   2, 2.2230112,
395, 10, 45722, 4373,  512231,   52476,  459754, 0.1096984,  32, 0.4258545,
396, 20, 46216,   43,  118665,   13760,  104904, 0.0370880,  35, 2.1259859,
397, 20,  5933,  480,  262164,  114240,  147923, 0.0440272,  33, 1.0429032,
398, 19, 10545, 9996,  616295,  219912,  396382, 0.1028472,  32, 0.7522421,
399,  4,  6824,   17,  183834,    5406,  178427, 0.1151314,  35, 0.6244825,
400,  9, 25326,   34,  196972,   10166,  186805, 0.0974026,  34, 2.1324749,
401, 10, 11457, 8059,  776318,  137003,  639314, 0.1794216,  32, 0.3588389,
402,  6, 11005,  696,  381867,   73080,  308786, 0.1075309,  33, 0.5959546,
403, 10,  6257,   53,  165810,   15688,  150121, 0.0558950,  34, 0.6678193,
404, 19,  6071,  590,  275744,  139830,  135913, 0.0389724,  33, 0.8510312,
405, 14, 59591,   20,  145795,   95900,   49894, 0.0160060,   2, 2.1269030,
406,  5, 57970,  805,  371493,   75670,  295822, 0.1237229,  33, 0.4740405,
407, 13,  6333, 1028,  436310,  244664,  191645, 0.0603577,  33, 0.6748423,
408,  9, 14496,   12,  156731,   70524,   86206, 0.0275462,   2, 2.3214225,
409,  5,  6272,   15,  245022,    4740,  240281, 0.1124103,  35, 0.4748722,
410, 19, 43488,  282,  203137,   84318,  118818, 0.0551181,  34, 1.3996482,
411, 12,  8833, 2530,  535340,   50600,  484739, 0.1362935,  32, 0.5170226,
412,  6,  9484,  881,  383866,  112768,  271097, 0.0904142,  33, 0.4723254,
413, 17, 19858,   28,  139525,    8400,  131124, 0.0510899,  34, 1.6911655,
414,  5,  4890, 1307,  371615,  126779,  244835, 0.0811452,  33, 0.3808108,
415,  9, 21536,  327,  319172,   95811,  223360, 0.1377954,  34, 1.1152340,
416, 14, 28589,   43,  163651,   12857,  150793, 0.0641516,  34, 1.8887506,
417, 12,  6355,  129,  167127,   38700,  128426, 0.0452248,  34, 0.6694508,
418, 13, 29133,  387,  250605,   91332,  159272, 0.0645186,  33, 0.9185695,
419, 11,  4556,  111,  199680,   32967,  166712, 0.0670959,  34, 0.5092154,
420,  5, 14267, 3926,  651073,   15704,  635368, 0.1754268,  32, 0.2263856,
421, 19, 38685, 1283,  461151,  302788,  158362, 0.0472680,  33, 0.8802272,
422,  6, 27361,  602,  331435,   72842,  258592, 0.0841827,  33, 0.5070626,
423, 13, 25328,   62,  178644,   18538,  160105, 0.0962003,  34, 2.0576829,
424, 15,  6096,   53,  166969,   15847,  151121, 0.0578524,  34, 0.7917069,
425,  4, 14876,  971,  313479,   68941,  244537, 0.0797871,  33, 0.3922756,
426,  8, 21393,   87,  243624,   25404,  218219, 0.0958951,  34, 1.7868093,
427,  9, 16344,   63,  167424,   18648,  148775, 0.0512072,  34, 1.8773854,
428, 10, 55997,  261,  251198,   76995,  174202, 0.0720361,  34, 1.0597726,
429, 10, 30566,  453,  272413,   98754,  173658, 0.0922062,  33, 0.6793861,
430, 11, 10026, 1437,  531079,  340569,  190509, 0.0632427,  33, 0.5062409,
431,  6, 16897, 2625,  676670,  325500,  351169, 0.1190400,  33, 0.3537428,
432,  6, 28156, 2441,  567610,  297802,  269807, 0.0790527,  33, 0.3038116,
433,  9, 15969, 1898,  392996,   18980,  374015, 0.0992173,  32, 0.4094903,
434, 17,  5121, 2065,  481247,   78470,  402776, 0.1014952,  32, 0.6900981,
435, 15, 36541,   18,  135578,   89190,   46387, 0.0139487,   2, 2.3335426,
436,  7, 61756, 1980,  487805,  289080,  198724, 0.0496672,  33, 0.4091199,
437,  7, 25399, 4386,  344759,   21930,  322828, 0.0852138,  32, 0.4069602,
438,  6, 22753, 3928,  660415,   11784,  648630, 0.1695702,  32, 0.3698416,
439, 18, 14963, 7677,  671550,  207279,  464270, 0.0978909,  32, 0.7292776,
440,  9, 34152,   18,  167174,    5328,  161845, 0.0864494,  34, 2.0381160,
441, 10, 51229,   26,  158644,    7748,  150895, 0.0569982,  34, 2.0356390,
442,  8,  5848, 1408,  474112,  223872,  250239, 0.0917101,  33, 0.4929971,
443, 17,  5902,   20,  128367,    5980,  122386, 0.0631027,  34, 1.0181706,
444,  5, 38633,   91,  263394,   27937,  235456, 0.1410808,  35, 2.0311422,
445, 15, 22320,  162,  170635,   48276,  122358, 0.0457000,  34, 1.6862203,
446, 13, 18923,   27,  164467,    8100,  156366, 0.0695972,  34, 2.0569000,
447,  6,  7010,  247,  348482,   73112,  275369, 0.1043208,  34, 1.2803952,
448, 17, 47466, 5789,  561939,  133147,  428791, 0.1000000,  32, 0.6952675,
449, 18,  4950, 1977,  422755,   57333,  365421, 0.0816511,  32, 0.7266320,
450, 11, 33053, 4272,  666083,   98256,  567826, 0.1377072,  32, 0.4438430,
451, 10, 25856,  162,  228945,   48276,  180668, 0.1044128,  34, 1.2303480,
452, 20, 14029, 4125,  518419,  156750,  361668, 0.1009084,  32, 0.8038769,
453, 20, 33062,   30,  132636,    8910,  123725, 0.0469666,  34, 2.0733941,
454, 10,  4535, 2821,  646840,   31031,  615808, 0.1239182,  32, 0.4941671,
455, 11, 10561,   52,  157849,   15340,  142508, 0.0637389,  34, 2.1266211,
456, 14,  5384, 1094,  443184,  258184,  184999, 0.0548240,  33, 0.7817845,
457, 17,  4918,  753,  317455,  179214,  138240, 0.0383175,  33, 1.1826715,
458,  6, 48522,  256,  274536,   74752,  199783, 0.0876836,  34, 1.1393266,
459, 12, 12312, 2130,  573988,   51120,  522867, 0.1105242,  32, 0.7092468,
460, 17, 18625,   58,  151606,   17284,  134321, 0.0475598,  34, 2.1534231,
461,  4,  8973,   32,   96203,   10080,   86122, 0.1165716,  35, 1.8639398,
462,  4,  8084,  570,  294496,   59850,  234645, 0.1125637,  33, 0.9557996,
463, 13, 36277,  966,  433251,  227010,  206240, 0.0616312,  33, 1.1890976,
464,  6,  8894,  131,  226054,   38907,  187146, 0.0811531,  34, 2.0337502,
465, 17, 51552,   44,  141395,   13156,  128238, 0.0467831,  34, 2.0364116,
466, 20, 16808, 1883,  465843,   75320,  390522, 0.0926313,  32, 1.1954754,
467,  6, 10441, 2887,  661870,  430163,  231706, 0.0957365,  33, 0.4208404,
468, 14, 14843,   11,  112817,   49753,   63063, 0.0165081,   2, 2.3982068,
469,  7,  8906,   15,  197731,    4455,  193275, 0.0691515,  34, 1.1087338,
470,  4,  9947, 7134,  597795,   35670,  562124, 0.1661241,  32, 0.3488018,
471, 12, 37008, 1586,  505867,   25376,  480490, 0.1498127,  32, 0.9092042,
472,  7, 16179,   37,  242209,   11026,  231182, 0.1184942,  34, 2.0918007,
473, 14,  7975,  502,  290612,  149596,  141015, 0.0499290,  34, 1.1836580,
474, 11,  8502,   57,  199974,   17043,  182930, 0.0843429,  34, 1.0568625,
475, 16, 30965,  191,  177911,   57109,  120801, 0.0414982,  34, 1.7644985,
476, 16, 14989, 1103,  426566,  260308,  166257, 0.0513394,  33, 1.0029567,
477,  6,  4880,  123,  172657,   36531,  136125, 0.0480553,  34, 0.3942698,
478,  7, 16249,   16,  175996,    5024,  170971, 0.1442396,  35, 2.0235851,
479,  4, 15682,  110,  148380,   24860,  123519, 0.0494425,  34, 1.4830990,
480,  7, 19372, 7059,  701730,   56472,  645257, 0.1544885,  32, 0.3643452,
481, 15, 15459,   32,  132308,   10240,  122067, 0.0650301,  35, 2.0493575,
482, 16, 23568,   22,  146222,    6578,  139643, 0.0742408,  34, 2.0629604,
483,  9,  9220, 1897,  502285,   18970,  483314, 0.1206192,  32, 0.4582931,
484, 18, 37700,   30,  137399,    9000,  128398, 0.0408755,  34, 2.0676321,
485, 18,  4262,  956,  374164,  226572,  147591, 0.0550372,  33, 1.0042451,
486,  6, 17069,  433,  336868,   57156,  279711, 0.0906466,  33, 0.8247244,
487, 20, 42265, 7942,  763809,  341506,  422302, 0.0868533,  32, 0.9779608,
488,  9, 16979, 1074,  464581,  204060,  260520, 0.0916065,  33, 0.6465825,
489, 15, 33791, 1316,  500001,  310576,  189424, 0.0601289,  33, 0.8098420,
490, 17,  5193, 2486,  468801,   62150,  406650, 0.1015200,  32, 0.8478248,
491, 15, 31764,   78,  156401,   23244,  133156, 0.0607524,  34, 2.0535196,
492, 14, 41322,   52,  145138,   15548,  129589, 0.0495716,  34, 2.0992616,
493,  8,  5585, 4372,  670554,   39348,  631205, 0.1565427,  32, 0.3416595,
494,  4, 46504,   11,  192365,    3487,  188877, 0.0753226,  35, 2.1336197,
495,  5,  4050,   85,  226981,   26180,  200800, 0.1273843,  35, 0.3675079,
496, 10,  9540,   16,  190755,    4736,  186018, 0.0681695,  34, 1.2034028,
497,  9, 15938,  110,  239549,   32560,  206988, 0.0742299,  34, 1.8015384,
498, 16, 18871,   10,   94248,   45150,   49097, 0.0124611,   2, 2.4047644,
499, 17, 13423,   19,  131588,    5662,  125925, 0.0483000,  34, 2.0384139,
500, 19, 52185,   19,  111928,    5700,  106227, 0.0364325,  34, 2.1479148,
501,  9, 37978,  153,  252847,   45288,  207558, 0.1007794,  34, 2.0448295,
502,  8, 27490, 1311,  444381,   17043,  427337, 0.1419758,  32, 0.7755776,
503, 11, 42766,   35,  190989,   10395,  180593, 0.0907761,  34, 2.0329664,
504, 10,  8265,   40,  171998,   11960,  160037, 0.0663216,  34, 0.8847829,
505, 10, 22640, 1355,  456201,  287260,  168940, 0.0617472,  33, 0.5152681,
506,  7, 32689,   27,  209737,    8559,  201177, 0.0951742,  35, 2.0346970,
507, 15, 33943,  190,  194725,   56810,  137914, 0.0445979,  34, 1.0810133,
508, 19,  4894,  156,  165356,   46176,  119179, 0.0541520,  34, 0.8307831,
509, 12,  8343, 1841,  577116,   27615,  549500, 0.1199733,  32, 0.5946440,
510, 19, 19578,  159,  180174,   47382,  132791, 0.0462768,  34, 2.0523687,
511, 11, 14578,   29,  175056,    8671,  166384, 0.0571270,  34, 2.0504019,
512,  4, 18901,   33,  222516,   10329,  212186, 0.1308302,  35, 2.0316047,
513, 15, 60537, 5938,  589481,  118760,  470720, 0.1095340,  32, 0.7948584,
514, 20, 10761,  172,  170168,   51256,  118911, 0.0358475,  34, 1.6288048,
515, 10,  9483,   70,  176283,   20930,  155352, 0.0823969,  34, 1.8067258,
516,  4,  9553,  335,  393510,   69345,  324164, 0.1003065,  34, 0.8741120,
517,  5, 52680,   13,  174640,    4082,  170557, 0.0740175,  35, 2.0601622,
518,  8,  5542,   16,  169126,    4768,  164357, 0.0486763,  34, 0.4240453,
519,  9,  4842, 1315,  487959,  240645,  247313, 0.0821489,  33, 0.5333747,
520, 10, 16167,  189,  227990,   56511,  171478, 0.0735162,  34, 0.9804629,
521,  6, 27733, 5962,  790083,   77506,  712576, 0.1768459,  32, 0.2814753,
522, 10, 15951, 3147,  526480,   34617,  491862, 0.1047307,  32, 0.4381539,
523, 19, 17139,  690,  308774,  164910,  143863, 0.0541609,  33, 0.9688765,
524, 14, 10524, 4740,  471458,   52140,  419317, 0.0956935,  32, 0.4947826,
525,  6, 13483,  510,  372737,   69360,  303376, 0.0981316,  33, 0.6671758,
526,  4, 10942, 1730,  447643,  121100,  326542, 0.1101331,  33, 0.2868524,
527, 18, 16499,   25,  124697,    7500,  117196, 0.0499972,  34, 1.8256666,
528, 12, 23687, 5926,  486709,   65186,  421522, 0.1099008,  32, 0.4503213,
529, 17,  4560, 1563,  417162,   42201,  374960, 0.0810319,  32, 0.7966118,
530,  9,  8801,  192,  238043,   57024,  181018, 0.1097270,  34, 1.2076807,
531,  7, 15198,   72,  204338,   22896,  181441, 0.0663431,  35, 2.0282905,
532, 15, 10864, 1656,  463427,   34776,  428650, 0.0968394,  32, 0.6709516,
533, 11, 56773,  140,  164271,   41580,  122690, 0.0409800,  34, 1.6439455,
534,  7, 62973, 1173,  402570,  184161,  218408, 0.0641871,  33, 0.5593912,
535,  4, 62662,  134,  292882,   42746,  250135, 0.1136481,  35, 1.6797786,
536,  9,  5274,   19,  147330,    5662,  141667, 0.0509503,  34, 0.4909235,
537,  7, 18367,   66,  231561,   19470,  212090, 0.0654437,  34, 2.0358782,
538, 18,  5417,   66,  157288,   19536,  137751, 0.0525495,  34, 0.9839370,
539,  9,  5060,  344,  297871,  101136,  196734, 0.1276950,  34, 0.8398188,
540, 10, 22527, 1801,  630371,   32418,  597952, 0.1443763,  32, 0.4746204,
541, 15, 35328, 2568,  488479,   41088,  447390, 0.1266140,  32, 0.6130343,
542, 20, 14130, 1503,  504825,  353205,  151619, 0.0393920,  33, 0.8757990,
543, 15, 35352,  301,  201836,   89698,  112137, 0.0428727,  34, 1.0098090,
544,  4,  6745, 3819,  544421,  236778,  307642, 0.1146994,  33, 0.2600350,
545, 19, 30060,  204,  175199,   61200,  113998, 0.0468176,  34, 1.3304100,
546,  7, 23625, 8970,  702685,   53820,  648864, 0.1514110,  32, 0.3129404,
547,  5, 32722,  589,  295483,   54188,  241294, 0.0935109,  33, 0.4529529,
548,  8, 14622,   28,  172717,    8232,  164484, 0.0566962,  34, 2.1071047,
549, 11, 49478,   23,  186236,  119117,   67118, 0.0223499,   2, 2.4211644,
550, 13,  4277,  129,  178676,   38055,  140620, 0.0664768,  34, 0.6309217,
551,  8, 39974,  629,  309195,  114478,  194716, 0.0776530,  33, 0.5781938,
552, 13, 18748, 8771,  683943,  201733,  482209, 0.1275271,  32, 0.4579000,
553,  9, 39134, 3097,  485049,   40261,  444787, 0.1187617,  32, 0.3752597,
554,  9, 17103, 7139,  731634,   64251,  667382, 0.1655529,  32, 0.3380942,
555,  8,  6455,  657,  302727,  112347,  190379, 0.0649122,  33, 0.5248282,
556,  9, 11158, 7334,  690661,   73340,  617320, 0.1380640,  32, 0.3671934,
557, 18,  6210, 4682,  520398,  131096,  389301, 0.1047994,  32, 0.6562741,
558, 16,  6948,   55,  142012,   16445,  125566, 0.0471909,  34, 0.8897091,
559,  6, 11595, 5889,  621131,   41223,  579907, 0.1675327,  32, 0.2581685,
560, 11,  8780, 6116,  548820,  110088,  438731, 0.1099465,  32, 0.4465428,
561, 10,  9657,  695,  322385,  147340,  175044, 0.0509121,  33, 0.7000664,
562, 13,  6109,  787,  330049,  181797,  148251, 0.0558141,  33, 0.7435311,
563, 11, 10107, 5472,  603358,   65664,  537693, 0.1455323,  32, 0.4328763,
564, 19, 11780,   11,  108344,   41096,   67247, 0.0178906,   2, 2.3101401,
565, 16,  5390, 3174,  463743,   41262,  422480, 0.1151489,  32, 0.8163671,
566, 18, 13192,   11,  103579,   40381,   63197, 0.0216734,   2, 2.2870229,
567, 13, 15421,   11,  116885,   49302,   67582, 0.0182670,   2, 2.3460202,
568, 19, 39307, 2411,  518062,  115728,  402333, 0.0786183,  32, 1.5413672,
569,  9, 13549, 4773,  524443,   81141,  443301, 0.1751996,  32, 0.6199601,
570,  7, 27241, 9101,  525203,   45505,  479697, 0.1378139,  32, 0.5347867,
571, 19, 25378,  589,  277791,  138415,  139375, 0.0415921,  33, 1.8192565,
572, 18, 17688, 3931,  503229,  117930,  385298, 0.0871540,  32, 1.1406504,
573, 14,  4845,  930,  398991,  221340,  177650, 0.0611076,  33, 1.0087053,
574, 10, 36844, 6426,  600859,   89964,  510894, 0.1467552,  32, 0.5722975,
575, 17,  7935,  691,  320742,  165840,  154901, 0.0529538,  33, 1.5852136,
576, 20, 51761,   20,  109160,    5980,  103179, 0.0454655,  34, 2.0416516,
577, 19, 43884,  128,  157322,   38144,  119177, 0.0418820,  34, 2.2144958,
578,  6, 27985,   11,  215638,    3443,  212194, 0.1542856,  35, 2.0377264,
579,  7, 14035,  450,  264581,   58050,  206530, 0.0593145,  33, 0.9623471,
580, 17, 28911,   36,  123352,   10800,  112551, 0.0428047,  34, 2.0465038,
581, 15, 31082,   19,  167694,    5662,  162031, 0.0777810,  34, 2.0386120,
582, 10, 11157,   50,  176315,   14750,  161564, 0.0556730,  34, 2.0336315,
583, 14,  6895, 4382,  622910,   87640,  535269, 0.1262595,  32, 0.8186148,
584, 16, 11387, 9578,  743730,  296918,  446811, 0.1017353,  32, 0.8549000,
585, 15,  9077,  145,  183454,   43355,  140098, 0.0506556,  34, 2.0408877,
586,  9, 14458, 1778,  593133,  341376,  251756, 0.0989788,  33, 0.8291233,
587,  7, 21820,  865,  407446,  139265,  268180, 0.0751652,  33, 0.8728428,
588,  6,  4174,   49,  285379,   14553,  270825, 0.0937381,  34, 0.5798875,
589,  9,  4029,   97,  203479,   28712,  174766, 0.0572335,  34, 0.6293010,
590,  8, 25961,   18,  146649,    5310,  141338, 0.0530733,  34, 2.0670855,
591,  9, 22641, 5172,  526838,   87924,  438913, 0.1260773,  32, 0.4243503,
592, 11, 29309,  205,  205687,   60885,  144801, 0.0645726,  34, 1.4174696,
593, 12, 15221,  417,  258694,   97995,  160698, 0.0590934,  33, 0.9913399,
594,  5, 50568,  617,  300075,   58615,  241459, 0.1049907,  33, 0.9988096,
595,  7, 14560,   67,  218443,   19765,  198677, 0.0716284,  34, 2.0299006,
596,  5, 34722,  841,  313271,   68962,  244308, 0.0781919,  33, 0.6409878,
597,  6, 57825,   10,  208128,    3150,  204977, 0.1039836,  35, 2.0319510,
598, 17, 27133,   64,  152883,   20288,  132594, 0.0722915,  35, 2.0408467,
599, 20, 11867,   46,  130903,   13800,  117102, 0.0460757,  34, 2.2938672,
600,  8, 14695,   13,  175784,    3835,  171948, 0.0767734,  34, 2.0417548,
601,  4, 19330,   89,  293892,   27857,  266034, 0.1604372,  35, 2.0342654,
602, 19, 18255,  971,  361267,  233040,  128226, 0.0367448,  33, 1.2315344,
603, 10, 37369,  320,  271189,   94080,  177108, 0.0709163,  34, 1.6411398,
604, 18,  5207,   45,  125958,   14355,  111602, 0.0801297,  35, 1.1093988,
605, 16, 33673, 3550,  513607,  106500,  407106, 0.1005163,  32, 0.8007272,
606, 12, 46698,  115,  159005,   33925,  125079, 0.0672983,  34, 2.0379377,
607, 12, 43677,  204,  223683,   60792,  162890, 0.0729128,  34, 1.5613130,
608, 17, 28444, 5767,  715921,  178777,  537143, 0.1072326,  32, 1.1196195,
609, 16, 40676,   13,  127383,   48217,   79165, 0.0177185,   2, 2.2423684,
610, 10, 47300, 1712,  549596,   34240,  515355, 0.1318022,  32, 0.6912939,
611, 13, 14942,   49,  155265,   14700,  140564, 0.0603737,  34, 2.0406440,
612,  7,  4478,  170,  239735,   50490,  189244, 0.0795145,  34, 0.5823756,
613, 15,  4689, 5577,  648374,  172887,  475486, 0.1356707,  32, 0.8513866,
614, 10, 60977,  128,  192599,   38144,  154454, 0.0705565,  34, 1.8582851,
615, 20,  6331, 1028,  387390,  243636,  143753, 0.0434919,  33, 1.4961679,
616,  6,  9580,  128,  234023,   37504,  196518, 0.0663385,  34, 1.9003924,
617, 15, 16895,  725,  355220,  171100,  184119, 0.0565819,  33, 1.0719735,
618, 10, 30212,  184,  205595,   55016,  150578, 0.0670805,  34, 1.2819458,
619, 10, 37405,  141,  227866,   41736,  186129, 0.0692051,  34, 1.9077594,
620, 12,  5802,  324,  241973,   96552,  145420, 0.0648004,  34, 1.2916347,
621,  8, 47819,  730,  437479,  215350,  222128, 0.0708943,  34, 1.0865409,
622,  6, 30642,  114,  199326,   33174,  166151, 0.0711920,  34, 2.0333986,
623, 13,  9775,  974,  411951,  227916,  184034, 0.0562508,  33, 1.0398544,
624, 19,  4644,  255,  200893,   75990,  124902, 0.0645706,  34, 1.2071698,
625, 12, 26829,  154,  211796,   46046,  165749, 0.0875483,  34, 2.0384825,
626, 12, 17106,   81,  184987,   24219,  160767, 0.1016419,  34, 2.1640739,
627,  9, 21908,  215,  252904,   63855,  189048, 0.0569261,  34, 1.1366300,
628, 16, 10665, 4825,  522557,  120625,  401931, 0.1331383,  32, 0.7592865,
629,  6, 45678,   23,  250929,    7337,  243591, 0.1154509,  35, 2.0270045,
630, 15,  4532, 5019,  582500,  110418,  472081, 0.0981455,  32, 0.6537181,
631, 14, 14381, 3901,  508185,   39010,  469174, 0.1225225,  32, 0.6623223,
632, 18,  8616, 1337,  426778,   33425,  393352, 0.0896426,  32, 1.0469249,
633,  7,  4290,  184,  236681,   54832,  181848, 0.0870481,  34, 0.4381570,
634, 15, 59128, 1252,  466720,  294220,  172499, 0.0483929,  33, 1.0137538,
635,  9, 61659,   30,  191982,    9000,  182981, 0.0839253,  34, 2.0503281,
636,  6,  6423,  210,  313814,   66990,  246823, 0.1296752,  35, 0.7834304,
637, 12, 63248,   10,  110155,   52210,   57944, 0.0192677,   2, 2.2588295,
638,  5, 35700,   14,  164783,    4382,  160400, 0.0899485,  35, 2.0840998,
639, 10, 30043,   42,  200416,   12306,  188109, 0.1246783,  34, 2.0314118,
640,  7, 17870,  361,  292379,   58121,  234257, 0.0770786,  33, 1.0993112,
641, 19, 39502, 1103,  405278,  261411,  143866, 0.0517849,  33, 1.1529192,
642, 10,  8929, 2728,  681225,   32736,  648488, 0.1418374,  32, 0.5695840,
643, 16, 11719,  117,  175440,   34866,  140573, 0.0721054,  34, 2.0369701,
644, 11, 13899,   47,  164008,   13959,  150048, 0.0571146,  34, 2.0321699,
645,  8, 48686, 2134,  602626,   10670,  591955, 0.1609706,  32, 0.4916969,
646,  5, 38559,   45,  250345,   14355,  235989, 0.1217657,  35, 2.1770554,
647, 13, 13230,   54,  159836,   16146,  143689, 0.0647168,  34, 2.0328637,
648, 11, 42228,  811,  381156,  183286,  197869, 0.0676069,  33, 0.6720690,
649, 10, 19637,   23,  199997,    6854,  193142, 0.0895397,  34, 2.0364732,
650,  5,  6327,  115,  278820,   36225,  242594, 0.1875051,  35, 0.7056962,
651, 13, 11805, 6621,  593282,  119178,  474103, 0.1043561,  32, 0.6157322,
652, 18,  6161,  660,  280457,  154440,  126016, 0.0383720,  33, 1.1125349,
653,  4, 10471, 7486,  761137,   44916,  716220, 0.2327535,  32, 0.2700124,
654, 16, 20554, 5069,  373755,   86173,  287581, 0.0604688,  32, 0.7360178,
655, 13,  4290,  534,  316781,  159666,  157114, 0.0559492,  34, 0.6216077,
656,  6, 13746,   53,  257814,   15423,  242390, 0.1069308,  34, 2.0258991,
657, 15, 15712,  316,  229210,   94168,  135041, 0.0532932,  34, 1.2959895,
658, 18, 13113,  462,  262893,  138138,  124754, 0.0452903,  34, 1.7086700,
659,  7,  5036, 1079,  386643,  159692,  226950, 0.0679325,  33, 0.6833500,
660, 13, 10103,  529,  278699,  123257,  155441, 0.0506520,  33, 0.8494134,
661, 11, 50375,   86,  208488,   25628,  182859, 0.0689996,  34, 2.0354641,
662, 18, 16185,   25,  147200,    8000,  139199, 0.0793886,  35, 2.0508413,
663, 19, 17761,   26,  133238,    7800,  125437, 0.0482078,  34, 2.0511432,
664,  5, 54264, 4309,  757390,  448136,  309253, 0.1413464,  33, 0.4890143,
665, 10,  4060, 6213,  559252,  111834,  447417, 0.1179718,  32, 0.5174597,
666, 12, 25430,   14,  129706,   71778,   57927, 0.0191265,   2, 2.4622245,
667, 18,  6979,   14,  129455,    4200,  125254, 0.0463381,  34, 1.1807339,
668,  9, 62516, 2380,  598236,   23800,  574435, 0.1480021,  32, 0.5944166,
669,  8, 53409,   27,  151082,    7965,  143116, 0.0886076,  34, 2.0327443,
670, 18,  6274,  105,  161218,   31290,  129927, 0.0558359,  34, 1.5268001,
671, 10, 13352,  139,  235241,   41422,  193818, 0.1026704,  34, 1.7198062,
672, 20, 36627,  509,  262353,  119615,  142737, 0.0440301,  33, 1.2511589,
673,  5,  8287,  143,  246201,   45188,  201012, 0.1606930,  35, 1.6214805,
674, 12, 46348, 4130,  578522,   74340,  504181, 0.1229336,  32, 0.7105741,
675,  4, 29018, 3537,  550676,  244053,  306622, 0.0968951,  33, 0.3229774,
676, 18, 31660,   53,  150196,   15847,  134348, 0.0644059,  34, 1.9222025,
677,  9,  4132, 3632,  529634,   36320,  493313, 0.1253384,  32, 0.3737343,
678,  6, 11287, 1234,  479523,  133272,  346250, 0.1522771,  33, 0.4653785,
679, 10,  5245,  567,  321757,  122472,  199284, 0.0777344,  33, 0.7019721,
680, 11, 11979, 1803,  569667,   25242,  544424, 0.1178624,  32, 0.5716012,
681, 19,  5252,  265,  188469,   78705,  109763, 0.0485172,  34, 1.3614044,
682, 11, 18714,  458,  269856,  108546,  161309, 0.0561691,  33, 0.8450304,
683, 11, 35954, 7651,  563547,  114765,  448781, 0.0991339,  32, 0.4569564,
684, 15, 60595,   22,  147350,    6534,  140815, 0.0435995,  34, 2.0610847,
685, 13, 12894,  116,  159488,   34452,  125035, 0.0472124,  34, 1.3593938,
686, 16,  7832,  192,  184554,   57216,  127337, 0.0474318,  34, 1.3285873,
687, 20,  8076, 1496,  362326,   44880,  317445, 0.0881445,  32, 0.9040793,
688, 12, 52421, 7505,  687940,  127585,  560354, 0.1196197,  32, 0.5757972,
689, 13, 22987,   81,  145187,   24138,  121048, 0.0634022,  34, 2.1604499,
690, 13,  8595,  118,  180978,   35046,  145931, 0.0600658,  34, 2.1276795,
691, 11, 52332,  273,  217428,   80262,  137165, 0.0569196,  34, 1.2113789,
692,  8, 33083,  385,  293740,   62370,  231369, 0.0701809,  33, 1.0616675,
693,  9, 26717,   61,  170545,   18239,  152305, 0.0708402,  34, 2.1496396,
694, 14,  7118,   25,  138049,    7450,  130598, 0.0457056,  34, 1.1412718,
695, 20, 30709, 8581,  739546,  351821,  387724, 0.0782730,  32, 1.1384331,
696,  9, 49057, 1114,  446561,  211660,  234900, 0.0853792,  33, 0.8559167,
697,  7, 55693, 7609,  490321,   68481,  421839, 0.1091783,  32, 0.3903808,
698,  5,  9483,  683,  404025,   60787,  343237, 0.1265214,  33, 0.5974728,
699, 11,  7317,  291,  242346,   87300,  155045, 0.0524635,  34, 1.3081025,
700, 12, 41672,  964,  397683,  226540,  171142, 0.0493707,  33, 0.9223273,
701, 12, 44775,  714,  351297,  166362,  184934, 0.0494660,  33, 0.9979793,
702, 20, 11903, 2122,  496903,   80636,  416266, 0.0886420,  32, 1.1763428,
703,  6,  6999,  921,  393263,  105915,  287347, 0.1066486,  33, 0.5466957,
704,  7,  5583,  315,  351242,   92295,  258946, 0.0978715,  34, 0.7454739,
705,  8,  7188,  390,  315239,  115440,  199798, 0.0706579,  34, 0.8933624,
706,  7,  4554,  199,  261243,   63282,  197960, 0.1259854,  35, 0.4633695,
707, 11,  5158,   67,  174317,   19899,  154417, 0.0682964,  34, 0.6011137,
708,  6, 20580,  300,  273717,   87300,  186416, 0.0791576,  34, 0.9655795,
709,  4, 43371,   35,  132383,   10920,  121462, 0.1118384,  35, 2.0775122,
710, 16, 55925,  523,  302347,  155331,  147015, 0.0568889,  34, 1.0419041,
711, 10,  9620,  858,  362461,  171600,  190860, 0.0676599,  33, 0.4840782,
712, 17,  4220,   66,  167751,   19668,  148082, 0.0675092,  34, 0.8774046,
713, 17, 55819, 3260,  542295,  133660,  408634, 0.0873027,  32, 0.7911996,
714,  7, 21108,  127,  241949,   36957,  204991, 0.0694908,  34, 1.6799614,
715, 18, 51762,   41,  135465,   12300,  123164, 0.0494952,  34, 2.0537120,
716, 11, 26891,   11,  125664,   57761,   67902, 0.0183620,   2, 2.4251240,
717, 13, 14960,  125,  215562,   37250,  178311, 0.1104435,  34, 2.0440958,
718, 10, 42870, 2632,  689671,   18424,  671246, 0.1609737,  32, 0.7289506,
719, 14,  4730, 1097,  410597,  261086,  149510, 0.0480283,  33, 0.9326597,
720, 19, 16320,   54,  131167,   16146,  115020, 0.0375277,  34, 2.3802256,
721,  5,  4364,   31,  181334,    9703,  171630, 0.0717667,  35, 0.6028470,
722,  9,  5898,  322,  256132,   57960,  198171, 0.0649427,  33, 1.2034647,
723, 11, 17270, 1118,  453621,  256022,  197598, 0.0679991,  33, 0.9505731,
724, 13, 53233,   16,  138698,   69792,   68905, 0.0191074,   2, 2.3145228,
725, 11, 11049,  177,  202083,   52746,  149336, 0.0672412,  34, 1.6155380,
726, 16, 14465,   85,  161515,   25245,  136269, 0.0541789,  34, 2.1687615,
727, 11, 58199, 5965,  534962,  119300,  415661, 0.1071805,  32, 0.6578545,
728, 17, 14830,   46,  125005,   13800,  111204, 0.0785913,  34, 2.0401960,
729,  8, 54571, 4932,  627420,   19728,  607691, 0.1376782,  32, 0.4551103,
730,  8, 38612,  996,  372468,  183264,  189203, 0.0584259,  33, 0.6960392,
731, 12, 10213,  286,  214869,   85228,  129640, 0.0401415,  34, 1.0175556,
732,  9,  4419,  131,  219154,   38645,  180508, 0.0556611,  34, 0.4976384,
733, 15, 55075,  504,  258202,  117432,  140769, 0.0567667,  33, 0.9217106,
734, 20, 16497,   46,  127623,   13616,  114006, 0.0551557,  34, 2.0628991,
735, 10,  5269,  928,  389192,  199520,  189671, 0.0462618,  33, 0.7521364,
736, 14, 14505,  278,  202754,   82566,  120187, 0.0430731,  34, 1.3589823,
737,  5, 34303,   11,  199542,    3465,  196076, 0.0829741,  35, 2.0273304,
738, 15, 11375,  554,  309932,  131298,  178633, 0.0565096,  33, 1.1009814,
739, 15,  5255, 3827,  496575,   80367,  416207, 0.0982302,  32, 0.7812233,
740,  5,  5779,  550,  425022,  132550,  292471, 0.0890992,  34, 0.7043301,
741, 17, 30016,   53,  145901,   15847,  130053, 0.0386993,  34, 2.0721843,
742, 17, 48415, 3559,  457143,  124565,  332577, 0.1051855,  32, 0.9733241,
743, 19,  5074, 2019,  410438,   80760,  329677, 0.1153717,  32, 1.1232882,
744, 10, 34176, 2790,  594767,   36270,  558496, 0.1263903,  32, 0.6594134,
745, 14,  4770, 4707,  515755,   94140,  421614, 0.0961339,  32, 0.7214036,
746,  5,  5024,  102,  295313,   32028,  263284, 0.1131032,  35, 0.4319817,
747,  7,  8802,   24,  145750,    7128,  138621, 0.0615406,  34, 1.2376913,
748,  7, 16230,  780,  310951,  127920,  183030, 0.0691364,  33, 0.5941434,
749,  7, 18586,  572,  302244,   79508,  222735, 0.0723176,  33, 0.7903171,
750, 19,  8348,   17,  134062,    5100,  128961, 0.0689956,  34, 1.6448774,
751,  7, 61384, 1571,  493649,  205801,  287847, 0.0901945,  33, 0.5518372,
752, 10, 49721,  545,  340376,  129710,  210665, 0.0794135,  33, 0.8353007,
753, 12,  4161,   32,  170395,    9504,  160890, 0.0596362,  34, 0.7137775,
754,  4,  7372,  113,  297495,   35369,  262125, 0.1078119,  35, 0.8419633,
755, 20, 37138, 4876,  480584,   87768,  392815, 0.0780044,  32, 0.9233767,
756, 12, 55547,  120,  201788,   36000,  165787, 0.0835850,  34, 2.0406431,
757,  4,  4711,  768,  441514,   54528,  386985, 0.1541049,  33, 0.7126956,
758,  7,  4626,  573,  304800,   85377,  219422, 0.0659780,  33, 0.8528078,
759, 19, 16239, 4557,  619957,  200508,  419448, 0.1002302,  32, 0.9608183,
760,  7, 18514, 6733,  480654,   33665,  446988, 0.1145136,  32, 0.3684760,
761, 11, 19566,  349,  261177,  104002,  157174, 0.0556258,  34, 1.1234168,
762,  7, 41947,  197,  222983,   58312,  164670, 0.0523851,  34, 1.2500250,
763,  9, 14090, 1210,  451002,  233530,  217471, 0.0693921,  33, 0.7123521,
764, 10, 12070,   11,  153381,   48103,  105277, 0.0367372,   2, 2.0838088,
765,  7, 28788,   20,  256442,    5920,  250521, 0.0881373,  34, 2.1766597,
766,  9, 16452,  305,  223058,   65880,  157177, 0.0494445,  33, 1.0667763,
767,  6, 42358,   61,  234826,   19154,  215671, 0.0996691,  35, 2.0251220,
768,  6,  4991,   30,  284570,    8850,  275719, 0.0896754,  34, 0.4166613,
769,  5, 13090,  382,  357995,  120330,  237664, 0.0767676,  35, 0.8705607,
770, 18, 40514,   11,  105299,   40601,   64697, 0.0145146,   2, 2.2212816,
771,  6, 34421,  268,  263166,   37788,  225377, 0.0830221,  33, 1.0103790,
772,  9, 30543, 1796,  567634,  290952,  276681, 0.0946366,  33, 0.4590380,
773,  4, 56058, 8089,  761126,   32356,  728769, 0.1951475,  32, 0.2601058,
774,  6,  8201,  317,  318582,   94149,  224432, 0.0785486,  34, 0.8734113,
775, 19, 34879,   71,  155831,   21229,  134601, 0.0460776,  34, 2.0465881,
776, 12, 32922, 5917,  581317,  147925,  433391, 0.1018249,  32, 0.5272027,
777, 10, 11994,  191,  212345,   56727,  155617, 0.0488300,  34, 1.2477499,
778, 19, 25049, 1361,  477426,  319835,  157590, 0.0487118,  33, 1.1162526,
779, 14,  5033,   28,  154636,    8400,  146235, 0.0647452,  34, 0.6798781,
780, 18,  7142,  478,  265331,  112808,  152522, 0.0441717,  33, 1.1564801,
781, 16, 61494,  430,  260859,  101910,  158948, 0.0421112,  33, 1.1656693,
782, 10, 19427, 9194,  522970,   82746,  440223, 0.0967911,  32, 0.4057807,
783, 20, 27277,  334,  223202,   99532,  123669, 0.0307712,  34, 1.2957961,
784, 14,  7988,   28,  121425,    8372,  113052, 0.0426425,  34, 0.9361725,
785, 10, 47385,  356,  266612,  105376,  161235, 0.0664741,  34, 0.8450926,
786,  5, 18778,  656,  350111,   67568,  282542, 0.1094886,  33, 0.6680729,
787, 10,  5645,   32,  194409,    9536,  184872, 0.0597150,  34, 0.7600548,
788,  4, 42218, 5160,  597392,  278640,  318751, 0.0835779,  33, 0.2461973,
789, 10, 41282,   10,  122200,   59400,   62799, 0.0150713,   2, 2.4808848,
790,  5, 22189, 9237,  718134,   46185,  671948, 0.1696359,  32, 0.2858363,
791, 13, 49414,  355,  248062,  105790,  142271, 0.0513835,  34, 0.9245190,
792, 13, 41619,   63,  173280,   18774,  154505, 0.0697829,  34, 2.0533148,
793, 19, 17203, 7573,  619829,  242336,  377492, 0.0972408,  32, 0.7764989,
794,  7, 15148, 6416,  559210,   64160,  495049, 0.1217840,  32, 0.2894679,
795, 11,  8351,   60,  185125,   17880,  167244, 0.0609200,  34, 0.9191730,
796,  4, 21352, 4633,  611641,    9266,  602374, 0.1481660,  32, 0.2031174,
797,  9, 20955, 2098,  507752,   25176,  482575, 0.1102773,  32, 0.4066951,
798, 19,  7727,   60,  142313,   17820,  124492, 0.0367078,  34, 1.3381911,
799,  4, 29670,   72,  242429,   22752,  219676, 0.1085618,  35, 2.0753850,
800, 14, 14007, 1363,  495180,  317579,  177600, 0.0560053,  33, 0.7051786,
801, 12, 46993,  250,  233107,   74500,  158606, 0.0844815,  34, 1.1781894,
802, 17,  5592,   24,  126232,    7200,  119031, 0.0339545,  34, 0.7263810,
803,  7, 48426, 2175,  495531,   17400,  478130, 0.1375358,  32, 0.3746667,
804, 13,  4788,  453,  247654,  102378,  145275, 0.0478918,  33, 0.9172890,
805, 12, 10100, 6042,  687939,  102714,  585224, 0.1264062,  32, 0.4383640,
806, 15, 48668, 3102,  480523,   52734,  427788, 0.1327474,  32, 0.6429343,
807, 16,  4586,   27,  125223,    8046,  117176, 0.0698393,  34, 0.7756932,
808,  9, 10459, 8387,  584047,  109031,  475015, 0.1160379,  32, 0.3546875,
809, 15,  5886, 3816,  494830,   64872,  429957, 0.1120785,  32, 0.5613539,
810,  6, 10702,   16,  174829,    4752,  170076, 0.0534182,  34, 1.2327338,
811,  9, 13027,   26,  191071,    7722,  183348, 0.0663159,  34, 2.0286709,
812, 12,  7390,   36,  175849,   10728,  165120, 0.0691659,  34, 0.9630086,
813, 12, 59933,   96,  191743,   28512,  163230, 0.0632704,  34, 2.0518473,
814, 18, 58041, 1532,  398559,   44428,  354130, 0.0904221,  32, 1.3062689,
815,  8, 18721,  949,  467855,  167024,  300830, 0.0984548,  33, 1.0354582,
816,  6, 29210, 8079,  539327,   32316,  507010, 0.1401973,  32, 0.4810599,
817,  8, 35284,   16,  195206,    4720,  190485, 0.0671401,  34, 2.0319224,
818,  6, 44267,  377,  327208,   41093,  286114, 0.0806607,  33, 1.1477229,
819, 12, 32172, 3948,  436967,   27636,  409330, 0.1188929,  32, 0.5770714,
820,  8, 31146,   30,  215376,    9000,  206375, 0.0784797,  34, 2.1440648,
821, 13, 44896, 1381,  504333,  323154,  181178, 0.0508074,  33, 0.8556064,
822,  4, 25634,  727,  317231,   50890,  266340, 0.0890106,  33, 0.5031166,
823,  4, 43451,  238,  306306,   74256,  232049, 0.1559406,  35, 1.8649221,
824,  4,  6051,   16,  329245,    5008,  324236, 0.1426489,  35, 0.7217300,
825, 10, 32441,   19,  156853,    5681,  151171, 0.0519276,  34, 2.0420548,
826,  7,  7628, 1042,  384353,  158384,  225968, 0.0720349,  33, 0.6714793,
827, 11, 20726,   28,  151305,    8316,  142988, 0.0749961,  34, 2.0372261,
828, 10, 42636,  164,  213105,   48872,  164232, 0.0831222,  34, 1.7814329,
829,  5, 42652,   14,  256470,    4396,  252073, 0.0851656,  35, 2.0341412,
830, 11, 43112,   40,  170045,   11920,  158124, 0.0647788,  34, 2.0349061,
831, 16, 59271,   36,  147382,   10728,  136653, 0.0571300,  34, 2.0428921,
832,  5, 37866, 2462,  461151,  241276,  219874, 0.0654453,  33, 0.4338923,
833, 19,  6777,  359,  222763,  106982,  115780, 0.0490835,  34, 1.5228961,
834,  7, 41232,   11,  190243,   56617,  133625, 0.0426802,   2, 2.3411593,
835, 19, 13885,   29,  115232,    8671,  106560, 0.0383169,  34, 2.2837876,
836,  9, 16078,   80,  185074,   23760,  161313, 0.0645233,  34, 2.0380595,
837, 12,  7153,   59,  173207,   17700,  155506, 0.0778998,  34, 1.1141511,
838,  4, 10512,   16,  144237,    4944,  139292, 0.0683378,  35, 1.5509017,
839, 20,  8660,   31,  128991,    9207,  119783, 0.0579142,  34, 1.8909846,
840,  7, 32871,  172,  272124,   51428,  220695, 0.0864452,  34, 2.0417772,
841, 16, 39506, 1095,  424048,  259515,  164532, 0.0510451,  33, 1.3211473,
842,  6,  5940, 1706,  460693,  240546,  220146, 0.0826437,  33, 0.5177637,
843, 12, 16307, 1673,  438230,   16730,  421499, 0.1373184,  32, 0.8297998,
844, 20,  8296, 1762,  372143,   37002,  335140, 0.0880307,  32, 1.2946828,
845,  5, 17815,  258,  343491,   78948,  264542, 0.1061255,  35, 1.4896593,
846, 16, 34942, 2614,  481265,   52280,  428984, 0.0890576,  32, 1.0177541,
847, 15, 34844, 4405,  485422,  105720,  379701, 0.0988693,  32, 0.8178706,
848, 20, 12370,  465,  229199,  109740,  119458, 0.0303324,  33, 1.4795142,
849, 15,  4289, 3894,  524027,  116820,  407206, 0.0970147,  32, 0.8504293,
850, 19, 50670,  568,  278592,  135184,  143407, 0.0461272,  33, 1.6168243,
851, 10, 37717,  564,  318648,  122388,  196259, 0.0575121,  33, 1.2328898,
852,  9, 17457, 3650,  505083,   58400,  446682, 0.1259398,  32, 0.5047552,
853,  9,  4083, 6555,  553293,   72105,  481187, 0.1135019,  32, 0.5325684,
854, 17, 29371,  249,  190505,   74451,  116053, 0.0486583,  34, 1.6539047,
855, 15,  4461,   84,  152962,   25116,  127845, 0.0514756,  34, 0.7939390,
856, 19,  4669,  541,  273918,  127676,  146241, 0.0434876,  33, 1.1380097,
857, 14, 11814,   19,  126248,    5681,  120566, 0.0573099,  34, 2.1514624,
858,  4, 50947, 1594,  414476,  137084,  277391, 0.1063861,  33, 0.4854905,
859, 19, 39094,   75,  149207,   22425,  126781, 0.0626209,  34, 2.0627495,
860, 17, 61163,   35,  124140,   10430,  113709, 0.0488522,  34, 2.1804262,
861, 14, 31392,  130,  175186,   38740,  136445, 0.0399314,  34, 1.6430451,
862,  7, 29644,   34,  150608,   10030,  140577, 0.0749587,  34, 2.1069688,
863,  4, 21774,   28,  295679,    8708,  286970, 0.1466511,  35, 2.0218476,
864, 10, 11952,  410,  275068,   87330,  187737, 0.0703773,  33, 0.8513502,
865,  7,  5633,   54,  293611,   15822,  277788, 0.0840253,  34, 0.5813968,
866, 19, 22234,  643,  296561,  154320,  142240, 0.0449769,  33, 1.1456419,
867, 15, 16074,  507,  283481,  119652,  163828, 0.0510252,  33, 1.1558749,
868,  8, 18782,   53,  241208,   15847,  225360, 0.0908069,  34, 2.0245843,
869, 19,  7522,  444,  232378,  105672,  126705, 0.0382708,  33, 1.0551294,
870, 10, 14401,   17,  170606,   96322,   74283, 0.0218980,   2, 2.3425270,
871,  6, 26371,  256,  316428,   76032,  240395, 0.0738307,  34, 1.1236769,
872, 10,  9803,   65,  193105,   19370,  173734, 0.0716668,  34, 2.1456367,
873, 17,  4606, 4093,  541592,  135069,  406522, 0.1101625,  32, 0.8357094,
874, 19, 18081,   38,  125379,   11400,  113978, 0.0386659,  34, 2.0528239,
875,  7,  9339,  616,  285449,   95480,  189968, 0.0594958,  33, 0.7610580,
876, 20, 16931, 2441,  516813,   92758,  424054, 0.1015070,  32, 1.2672976,
877, 12,  6037,   30,  182471,    8940,  173530, 0.0751564,  34, 0.8203676,
878, 18,  7118,   42,  139642,   12558,  127083, 0.0525071,  34, 1.1975399,
879, 14,  4244, 8475,  650607,  237300,  413306, 0.1038342,  32, 0.7033782,
880,  4, 38077, 2058,  587273,  131712,  455560, 0.1184923,  33, 0.4511821,
881,  4, 45730, 2565,  414021,  156465,  257555, 0.1416232,  33, 0.3479179,
882, 15,  7876,  983,  395743,  229039,  166703, 0.0446970,  33, 0.8877767,
883,  4, 11428, 2592,  554894,  178848,  376045, 0.1266039,  33, 0.3046614,
884, 12, 51203, 2510,  670603,   42670,  627932, 0.1508828,  32, 0.6118732,
885,  4, 26617, 5209,  764054,  427138,  336915, 0.0914367,  33, 0.2804047,
886, 15, 50605,  166,  174077,   49634,  124442, 0.0547334,  34, 1.4843604,
887,  9,  4023,   12,  159381,    3552,  155828, 0.0537513,  34, 0.4418289,
888, 20,  9828, 5371,  491643,  128904,  362738, 0.0774340,  32, 0.7785701,
889, 11,  8392,  509,  307046,  114016,  193029, 0.0542342,  33, 0.8305381,
890,  9,  4250,  674,  340171,  105818,  234352, 0.0695617,  33, 0.5432247,
891,  8, 31380,  763,  362837,  121317,  241519, 0.0622961,  33, 0.5778999,
892, 20, 33767,   23,  117245,    7337,  109907, 0.0434926,  35, 2.0625896,
893, 12, 27910, 5632,  655610,  123904,  531705, 0.1391671,  32, 0.4987214,
894, 18, 59933,   21,  137898,   88284,   49613, 0.0142950,   2, 2.0229893,
895, 20, 13786, 5710,  535503,  211270,  324232, 0.0840593,  32, 0.7907280,
896,  5, 44353,   17,  259601,    5338,  254262, 0.1950353,  35, 2.0243174,
897,  7, 23650, 4762,  781975,   42858,  739116, 0.1794820,  32, 0.3000998,
898, 20, 30893,  508,  256860,  121412,  135447, 0.0459259,  33, 1.0665503,
899, 15, 36975, 1614,  481118,   48420,  432697, 0.1019223,  32, 0.7009670,
900, 15, 24661,  221,  193329,   66079,  127249, 0.0790980,  34, 1.0260505,
901,  5, 51922,   79,  259161,   24806,  234354, 0.1119366,  35, 2.0368098,
902,  5, 10787,  627,  466612,   58311,  408300, 0.1357077,  33, 0.7785589,
903, 11,  5674,   61,  190619,   18178,  172440, 0.0768196,  34, 0.7134194,
904,  8, 18780,   72,  203350,   21384,  181965, 0.0592129,  34, 1.8226442,
905, 11,  4930, 4777,  545608,   47770,  497837, 0.1426654,  32, 0.4115313,
906,  6, 10714,   18,  223649,    5634,  218014, 0.1094551,  35, 1.1960733,
907, 11, 12229,  197,  244324,   59100,  185223, 0.0718196,  34, 1.4061089,
908,  7,  6395,  139,  208775,   41283,  167491, 0.0582945,  34, 0.5355085,
909,  7, 62269, 2140,  579864,  297460,  282403, 0.0873047,  33, 0.4825402,
910, 20,  7618, 1107,  387238,  259038,  128199, 0.0387634,  33, 0.9100636,
911, 20,  5858,  401,  232327,  119498,  112828, 0.0455853,  34, 1.2434981,
912, 18, 20148, 3610,  509093,  108300,  400792, 0.0838915,  32, 0.6664127,
913,  7, 22173,  104,  182917,   30680,  152236, 0.0494871,  34, 1.4275198,
914, 20,  4865,  543,  245970,  129234,  116735, 0.0405173,  33, 0.9837234,
915, 17,  5176,   52,  149233,   15496,  133736, 0.0644090,  34, 0.7304720,
916,  5, 38675,   13,  258696,   82056,  176639, 0.0439565,   2, 2.2774920,
917, 15, 22215,   82,  148647,   24272,  124374, 0.0519084,  34, 2.0770281,
918, 15,  7761,  783,  360809,  186354,  174454, 0.0483391,  33, 0.8354129,
919, 16, 12398,  338,  233445,  101062,  132382, 0.0730444,  34, 1.3082956,
920, 13,  9628, 4706,  466605,  117650,  348954, 0.0806590,  32, 0.5083600,
921, 19,  8098,   16,  131257,    4784,  126472, 0.0353474,  34, 1.2973038,
922, 20, 13620,   38,  123428,   11362,  112065, 0.0424006,  34, 2.0842010,
923, 15, 19531,  472,  285300,  140184,  145115, 0.0465146,  34, 1.1484975,
924,  6, 14463,   30,  212818,    9000,  203817, 0.0645501,  34, 2.1030844,
925, 15, 45041,  138,  190320,   41124,  149195, 0.0616147,  34, 2.1273210,
926, 12, 10211,  248,  240600,   74400,  166199, 0.0533773,  34, 1.2264849,
927,  8, 22428, 1827,  545791,  303282,  242508, 0.0807771,  33, 0.4813966,
928, 10, 38179,   31,  184908,    9300,  175607, 0.0912493,  34, 2.0454718,
929,  5, 11748,   21,  138987,    6573,  132413, 0.0644790,  35, 1.6014642,
930, 10, 10073, 3225,  515075,   58050,  457024, 0.1171830,  32, 0.4925880,
931,  6, 46440,  238,  243960,   69972,  173987, 0.1166060,  34, 1.7665675,
932,  8, 58476,   40,  203707,   11920,  191786, 0.0702498,  34, 2.0448957,
933,  7, 51445,  168,  285295,   53424,  231870, 0.1023681,  35, 2.0623524,
934, 18,  6172, 1817,  437690,   34523,  403166, 0.1102436,  32, 1.4333106,
935,  4, 18738, 3285,  629416,  216810,  412605, 0.1222112,  33, 0.3796310,
936, 15, 54394,  240,  211592,   72000,  139591, 0.0406497,  34, 1.3218006,
937,  8, 44846,  715,  304891,  113685,  191205, 0.0833648,  33, 0.7027628,
938, 14, 33147, 6685,  656087,  227290,  428796, 0.1021987,  32, 0.7030252,
939, 17, 41712,  124,  175298,   37076,  138221, 0.0545656,  34, 2.0418625,
940, 20,  5644, 1447,  404766,   53539,  351226, 0.0811774,  32, 1.4063153,
941,  6, 61336,   26,  242228,    8164,  234063, 0.1158727,  35, 2.0332410,
942, 13, 32110, 1564,  550902,  369104,  181797, 0.0588507,  33, 0.9615581,
943, 19, 32714, 7844,  616632,  243164,  373467, 0.1007510,  32, 1.0616046,
944,  9,  7926,   15,  208164,    4455,  203708, 0.0752582,  34, 1.2579437,
945, 20, 47086,  840,  336793,  201600,  135192, 0.0482277,  33, 1.5690783,
946, 14, 11147,  837,  349335,  196695,  152639, 0.0604325,  33, 1.1875846,
947, 20, 19271, 6331,  586931,  208923,  378007, 0.0920880,  32, 1.1388036,
948, 18, 30530, 2234,  455283,   49148,  406134, 0.0993745,  32, 1.1077750,
949,  8, 23677,   85,  177475,   25330,  152144, 0.0503263,  34, 2.0325136,
950, 17, 19980,   26,  131246,    7748,  123497, 0.0602053,  34, 2.2916050,
951,  4, 35133,  551,  253722,   29203,  224518, 0.1095254,  33, 0.7974052,
952, 14, 33360, 1181,  445643,  277535,  168107, 0.0433299,  33, 0.9242087,
953,  5, 39005,   26,  184582,    7566,  177015, 0.0694634,  34, 2.0266146,
954, 13, 32481,  404,  230704,   96152,  134551, 0.0430957,  33, 1.0916248,
955, 17,  4758,   41,  142071,   13079,  128991, 0.0953732,  35, 0.8530249,
956, 16,  4978,   28,  141109,    8372,  132736, 0.0621200,  34, 0.7633153,
957, 13, 15362,  565,  344071,  168935,  175135, 0.0704397,  34, 0.8933487,
958, 16, 47205, 7104,  556844,  234432,  322411, 0.1052572,  32, 0.7858326,
959, 20, 20683, 3709,  645032,  174323,  470708, 0.1003083,  32, 0.9593686,
960, 13, 28689,  219,  221003,   65481,  155521, 0.0558223,  34, 1.3921806,
961,  5, 11415, 3493,  555989,   20958,  535030, 0.1653032,  32, 0.2823096,
962, 11,  5611, 8963,  564369,  143408,  420960, 0.1273908,  32, 0.4833661,
963,  4, 23086,   83,  269633,   26145,  243487, 0.0701665,  35, 2.0478829,
964, 20,  5146, 7622,  691900,  282014,  409885, 0.1082413,  32, 0.9463108,
965, 12, 44403,  290,  210977,   69020,  141956, 0.0525545,  33, 1.1332221,
966,  6,  4223,   76,  200530,   22344,  178185, 0.0637173,  34, 0.5493849,
967, 20,  5306,   84,  141232,   26880,  114351, 0.0527272,  35, 1.3078196,
968, 20, 29091,   82,  137237,   24436,  112800, 0.0627053,  34, 2.2910221,
969, 20, 14737,  283,  205913,   84900,  121012, 0.0403051,  34, 2.0420628,
970, 18, 34536, 1509,  435716,   46779,  388936, 0.0789384,  32, 1.0704444,
971, 12, 21775,  998,  407088,  222554,  184533, 0.0629287,  33, 0.9103535,
972,  9, 18736,   18,  196018,   89946,  106071, 0.0346259,   2, 2.2722933,
973,  5,  6325,  151,  275733,   47414,  228318, 0.1090150,  35, 0.6427448,
974,  4, 52897,   58,  156290,   18328,  137961, 0.0814051,  35, 2.0277455,
975,  4, 55062, 1919,  465153,  130492,  334660, 0.0933208,  33, 0.4338270,
976, 11, 60053, 3086,  612129,   74064,  538064, 0.1380254,  32, 0.6972633,
977, 20, 62961, 7759,  493388,  124144,  369243, 0.0782133,  32, 1.1860380,
978,  7, 56248,   40,  178290,   12720,  165569, 0.0692311,  35, 2.0276715,
979,  4,  4448,   10,  296498,    3150,  293347, 0.1110439,  35, 0.3635475,
980,  8, 19799, 5918,  700857,   59180,  641676, 0.1233831,  32, 0.4069624,
981, 17,  8603,  475,  256616,  112575,  144040, 0.0453951,  33, 1.2407990,
982, 17, 16344, 2553,  564409,  102120,  462288, 0.1006853,  32, 1.2589657,
983, 10, 15841,  266,  247838,   79534,  168303, 0.0608604,  34, 1.1068773,
984, 10,  6151, 4219,  621427,   59066,  562360, 0.1320757,  32, 0.4684927,
985, 16, 21545,  944,  386029,  220896,  165132, 0.0444525,  33, 1.1937259,
986,  8, 24773, 5860,  653426,   29300,  624125, 0.2114520,  32, 0.4186656,
987,  9,  6482,   28,  209084,    8288,  200795, 0.0771316,  34, 1.0083972,
988,  4,  9088,   14,  156699,    4382,  152316, 0.1227482,  35, 1.0985762,
989, 11, 11504,   38,  166673,   11362,  155310, 0.0704931,  34, 2.1358190,
990, 17, 28101, 3660,  557819,  113460,  444358, 0.1190435,  32, 0.9337724,
991,  7, 29990, 5467,  638417,   71071,  567345, 0.1455128,  32, 0.4857737,
992, 11, 15391,   25,  178421,    7475,  170945, 0.0559996,  34, 2.0319481,
993, 12, 51533,  185,  214044,   55315,  158728, 0.0697609,  34, 1.5238847,
994, 10, 20507,   98,  188483,   29400,  159082, 0.0578078,  34, 1.5356080,
995, 10, 29568, 1002,  426666,  232464,  194201, 0.0669787,  33, 0.7983522,
996, 17, 24733, 8000,  712990,  360000,  352989, 0.0979271,  32, 0.7712896,
997,  9,  4199,   24,  185551,    7080,  178470, 0.0675264,  34, 0.5279570,
998, 13,  4946, 1552,  455029,   32592,  422436, 0.0827801,  32, 0.7867549,
999, 15, 13023,  183,  184571,   54717,  129853, 0.0587813,  34, 1.9924260,