  0,  4, 60887, 3822,  519343,  317226,  202116, 0.0811940,  33, 0.5583967,
  1,  9, 23052,   13,  122608,   13845,  108762, 0.0272574,  45, 4.4461724,
  2,  5,  9827, 1392,  529211,  130848,  398362, 0.1265488,  33, 0.5905690,
  3, 14,  4349,   14,   90503,   16282,   74220, 0.0233112,  45, 1.9013304,
  4, 13, 25343,  465,  283704,  109740,  173963, 0.0651949,  33, 1.8255339,
  5, 14, 63725, 2746,  471427,   43936,  427490, 0.0896152,  32, 1.5726954,
  6,  4, 16692,  275,  204600,   20900,  183699, 0.0749363,  43, 0.7725953,
  7,  4, 17611, 7148,  524841,   21444,  503396, 0.1438726,  32, 0.3607086,
  8,  6,  4797,  674,  417299,   97730,  319568, 0.1223153,  33, 0.9882954,
  9,  4,  4323,  216,  173991,   17496,  156494, 0.0634792,  33, 0.4857160,
 10,  9,  8914, 3754,  571804,   26278,  545525, 0.1466753,  32, 1.0715727,
 11, 20, 28008,   47,  124484,   25897,   98586, 0.0264035,  45, 4.8983183,
 12,  8,  7721,   17,  145311,   16915,  128395, 0.0411638,  45, 1.3239972,
 13,  7,  8239, 2825,  657304,  392675,  264628, 0.0855254,  33, 0.6924558,
 14, 15, 58777,  113,  159568,   36725,  122842, 0.0351170,  44, 3.7577493,
 15, 17, 29892,   31,  114789,   23374,   91414, 0.0239570,  45, 3.5807059,
 16, 13, 10453,  211,  216226,   64355,  151870, 0.0630058,  44, 2.2238197,
 17,  9,  7428, 5961,  650087,   89415,  560671, 0.1351439,  32, 0.9223501,
 18,  4, 27695,  591,  296491,   28959,  267531, 0.0964775,  33, 0.7339923,
 19, 19, 52006,   31,  102601,   23126,   79474, 0.0218761,  45, 4.1305853,
 20, 18,  8754,  973,  381376,  227682,  153693, 0.0544700,  33, 2.2799174,
 21,  8,  9327, 3484,  610882,   76648,  534233, 0.1359571,  32, 0.8533462,
 22,  5, 18520,  145,  272070,   58580,  213489, 0.0638601,  45, 1.8417001,
 23,  6,  5906,  162,  263806,   58806,  204999, 0.0762426,  45, 0.8843158,
 24, 13, 11754,   88,  160705,   33000,  127704, 0.0332486,  44, 2.8067985,
 25,  9, 56437,  108,  188140,   38664,  149475, 0.0492590,  44, 2.4090977,
 26, 15, 31152,   19,   94761,   19874,   74886, 0.0206743,  45, 3.6028764,
 27,  5, 21437, 4044,  639746,   12132,  627613, 0.1549450,  32, 0.5299274,
 28, 16,  6032,  368,  232152,   87216,  144935, 0.0698709,  33, 2.2599767,
 29, 16, 14852,   26,  108886,   23712,   85173, 0.0196455,  45, 3.9702672,
 30, 17, 16001, 3850,  502373,  111650,  390722, 0.0933275,  32, 2.2359996,
 31,  9, 19673, 1768,  428576,   21216,  407359, 0.1185036,  32, 0.9732580,
 32, 13,  6266,  536,  286409,  120600,  165808, 0.0464970,  33, 1.6498504,
 33, 14, 24354,   10,  100086,   53120,   46965, 0.0122091,   2, 3.5809759,
 34,  5, 20262,  871,  293135,  102778,  190356, 0.0729772,  33, 0.6400827,
 35,  4, 37391,   73,  137625,   32339,  105285, 0.0464970,  45, 2.1546744,
 36,  9,  4971, 5464,  609592,   60104,  549487, 0.1774850,  32, 0.9177864,
 37,  4,  8863,  685,  333327,   58910,  274416, 0.0990326,  33, 0.6600544,
 38,  5,  8509, 1422,  423394,  162108,  261285, 0.0896942,  33, 0.6217741,
 39, 13,  4582,  597,  299936,  140892,  159043, 0.0632307,  33, 1.5390448,
 40, 20,  4244, 6407,  494108,  185803,  308304, 0.0852235,  32, 2.5166601,
 41, 10,  4826,  789,  334788,  160956,  173831, 0.0583996,  33, 1.3378952,
 42, 18, 23398,   10,   79029,   17470,   61558, 0.0151208,  45, 3.6862790,
 43, 10, 27100,  232,  234017,   70992,  163024, 0.0726026,  44, 1.7441844,
 44, 11, 33224,   33,  138346,   26301,  112044, 0.0294778,  45, 4.4377618,
 45,  9, 37196, 2348,  530480,   25828,  504651, 0.1238003,  32, 1.0718521,
 46,  4, 34893, 2817,  381682,  185922,  195759, 0.1025222,  33, 0.4638793,
 47, 14, 14522, 4240,  496725,  127200,  369524, 0.1199909,  32, 1.4577954,
 48,  6, 56004,   89,  257408,   52421,  204986, 0.0608691,  45, 2.6426544,
 49,  8, 34514,   40,  137688,   26640,  111047, 0.0308662,  45, 3.2115931,
 50,  7,  6864,  646,  359196,   87210,  271985, 0.0900464,  33, 0.9623498,
 51, 10, 10464,  315,  212584,   65205,  147378, 0.0454869,  33, 1.3878287,
 52, 19, 10174,  291,  200538,   87009,  113528, 0.0581708,  34, 2.8920409,
 53, 11, 26998,  176,  185184,   54384,  130799, 0.0580931,  44, 1.8644524,
 54, 16,  5567,   16,  101542,   20608,   80933, 0.0212111,  45, 2.1825914,
 55, 18, 27450,   30,  106448,   20940,   85507, 0.0218562,  45, 3.4665148,
 56, 13, 10382,   18,  107064,   20088,   86975, 0.0214092,  45, 2.4083353,
 57,  5, 17939, 1717,  369438,  197455,  171982, 0.0709556,  33, 0.6096824,
 58, 20,  4644,   27,   96227,   21681,   74545, 0.0171680,  45, 2.9449450,
 59, 14,  5624,   14,   79584,   14602,   64981, 0.0182522,  45, 1.8803800,
 60, 16,  5520, 4453,  517964,   93513,  424450, 0.1167592,  32, 1.7864335,
 61, 12, 19528,   64,  161016,   33664,  127351, 0.0416685,  45, 2.9994291,
 62, 11, 35357, 3332,  540946,   66640,  474305, 0.1141319,  32, 1.1499428,
 63, 13, 10965, 3247,  504061,   71434,  432626, 0.0953599,  32, 1.4361800,
 64,  5, 11069, 2365,  432128,   14190,  417937, 0.1196060,  32, 0.5728011,
 65, 11,  5546, 2297,  549036,   29861,  519174, 0.1382168,  32, 1.1816661,
 66, 16,  8813,   24,  106893,   22320,   84572, 0.0211802,  45, 2.6312021,
 67, 12, 61574, 5404,  661596,  113484,  548111, 0.1342651,  32, 1.2512929,
 68,  4, 27990,  167,  138603,   19539,  119063, 0.0410585,  43, 1.0744004,
 69,  7,  4932,  726,  313953,  103092,  210860, 0.0683876,  33, 0.9013049,
 70, 12, 11649,  110,  167824,   38280,  129543, 0.0359576,  44, 2.3041593,
 71, 11, 18971,  115,  195466,   40940,  154525, 0.0447663,  44, 2.1042599,
 72, 10,  6017, 1631,  466160,   14679,  451480, 0.1081812,  32, 1.0521856,
 73, 17,  6102,  975,  387992,  228150,  159841, 0.0687962,  33, 2.3129300,
 74,  4, 53789, 2643,  539733,  195582,  344150, 0.1824461,  33, 0.5086248,
 75, 18, 21810, 1697,  390672,   28849,  361822, 0.0918330,  32, 2.2216051,
 76, 13, 10118,   10,  108621,   13680,   94940, 0.0289430,  45, 2.6090562,
 77,  4,  9480, 1868,  410169,  125156,  285012, 0.1006611,  33, 0.4608071,
 78, 13,  8178,   94,  179177,   37882,  141294, 0.0353692,  44, 2.6031832,
 79,  7, 18619,   18,  139913,   16884,  123028, 0.0467933,  45, 7.2603583,
 80, 18, 22724,  170,  160787,   51170,  109616, 0.0357200,  44, 2.6801570,
 81,  7, 43379,   93,  198519,   39153,  159365, 0.0562453,  44, 2.0783900,
 82, 15, 25351,  100,  169181,   36100,  133080, 0.0420355,  44, 3.4061055,
 83,  9, 17875,   26,  122418,   20696,  101721, 0.0341307,  45, 4.4726206,
 84, 12, 19928,  160,  187617,   47360,  140256, 0.0766501,  34, 1.9069496,
 85,  8, 43014,  140,  221812,   49280,  172531, 0.0561280,  44, 1.7670231,
 86,  4,  5759, 3537,  466831,   35370,  431460, 0.1320025,  32, 0.4146715,
 87, 10, 43043, 1805,  567235,   36100,  531134, 0.1394811,  32, 1.0916354,
 88, 12,  6525,  107,  184720,   37985,  146734, 0.0429447,  44, 1.5893582,
 89, 16,  6450,   47,  117602,   26132,   91469, 0.0352776,  45, 2.1693747,
 90,  7,  5048, 1286,  468426,  191614,  276811, 0.0924967,  33, 0.9134102,
 91, 12, 21888,   94,  174112,   35344,  138767, 0.0409667,  44, 2.9512735,
 92, 19, 29145,   26,   97808,   21424,   76383, 0.0164083,  45, 3.8185056,
 93, 16, 12169, 1188,  444270,  277992,  166277, 0.0428189,  33, 1.8499359,
 94,  4,  5549,   60,  309301,   45780,  263520, 0.1055905,  45, 0.6349387,
 95, 10,  7463,   16,  116889,   17152,   99736, 0.0350267,  45, 1.5280193,
 96, 14, 15629,   17,   99602,   18530,   81071, 0.0212599,  45, 3.1883264,
 97, 11, 19439, 1846,  603357,   31382,  571974, 0.1841576,  32, 1.2398292,
 98, 14, 42740, 2205,  503666,   37485,  466180, 0.1107242,  32, 1.5217074,
 99, 13, 13822,  263,  224329,   78111,  146217, 0.0506198,  34, 2.0681293,
100, 13, 59879,  649,  324990,  152515,  172474, 0.0469729,  33, 1.7302283,
101,  5, 12798,  154,  281689,   58828,  222860, 0.0803222,  45, 1.5864828,
102, 12, 38204, 2022,  549996,   40440,  509555, 0.1100829,  32, 1.4465820,
103, 11,  4631,   11,   97547,   12705,   84841, 0.0245856,  45, 1.6024102,
104, 14, 16098,  375,  250925,   87375,  163549, 0.0528210,  33, 2.0653167,
105,  6, 32414, 6991,  548396,   48937,  499458, 0.1664018,  32, 0.6010392,
106,  7, 13040,   28,  144264,   23184,  121079, 0.0611743,  45, 4.4452015,
107, 11,  7935,   20,  129402,   20820,  108581, 0.0276975,  45, 1.8656500,
108,  4,  5864, 2444,  447826,  173524,  274301, 0.0777491,  33, 0.4262768,
109,  5,  5163,   17,  118808,   15181,  103626, 0.0283660,  45, 0.5761018,
110, 17, 12924, 3889,  501302,   97225,  404076, 0.1050793,  32, 1.9014595,
111, 17, 14201,  104,  158521,   39416,  119104, 0.0415277,  45, 3.1194888,
112,  9,  6318,   53,  181834,   37047,  144786, 0.0459250,  45, 1.2682586,
113, 11, 17522,  201,  181747,   60501,  121245, 0.0484981,  44, 1.7023971,
114, 10, 57626,  334,  225299,   99198,  126100, 0.0329979,  34, 1.4529562,
115,  8, 11671,   13,  108815,   12701,   96113, 0.0353810,  45, 2.0341957,
116, 13, 10869, 7539,  675528,  211092,  464435, 0.1087426,  32, 1.3566572,
117, 16,  4532,   36,  117918,   24732,   93185, 0.0246658,  45, 2.1075109,
118, 10, 19518, 5277,  555174,   68601,  486572, 0.1050785,  32, 1.0722697,
119, 13, 51179,   34,  123813,   25806,   98006, 0.0321925,  45, 3.3217125,
120, 10,  5927,   23,  129053,   20056,  108996, 0.0365158,  45, 1.4336636,
121, 11, 13654, 2625,  444188,   70875,  373312, 0.1098652,  32, 1.1471628,
122, 16,  7624,  179,  163946,   53342,  110603, 0.0389336,  34, 2.2813536,
123, 17,  8237, 5354,  560149,  133850,  426298, 0.0922531,  32, 1.9305674,
124,  4, 13926, 5533,  710607,  381777,  328829, 0.1219251,  33, 0.3945154,
125, 14, 16290,   40,  128493,   28640,   99852, 0.0248495,  45, 2.9352576,
126, 16, 20013,  134,  151607,   41674,  109932, 0.0500055,  44, 2.7270784,
127, 18, 23078,   48,  121789,   24144,   97644, 0.0275523,  45, 3.3892922,
128, 13, 10877,   18,  101636,   19224,   82411, 0.0207303,  45, 2.7600198,
129, 13, 10518,   35,  135354,   27125,  108228, 0.0317937,  45, 2.7414381,
130, 17, 19743, 7829,  582143,  195725,  386417, 0.0847338,  32, 1.9756126,
131, 13, 16818,  194,  208989,   59752,  149236, 0.0443436,  44, 2.1156680,
132, 18,  5844,  349,  213404,  104351,  109052, 0.0431562,  34, 2.5342341,
133, 13,  6675,  293,  243820,   87900,  155919, 0.0595078,  34, 1.8554883,
134, 16, 26546,  252,  213088,   75600,  137487, 0.0507825,  44, 2.3009091,
135, 18, 63879,   33,  103936,   22473,   81462, 0.0221528,  45, 3.8968096,
136, 17, 17681, 4344,  520466,   99912,  420553, 0.0896207,  32, 2.7128903,
137,  9, 19039, 4768,  569399,   52448,  516950, 0.1282724,  32, 1.1229088,
138,  5, 18961,  249,  370531,   77190,  293340, 0.0999916,  44, 1.8364857,
139, 20, 35737,   43,  116062,   24338,   91723, 0.0246288,  45, 4.6237561,
140, 13, 20426,  501,  297046,  117234,  179811, 0.0500200,  43, 1.7498630,
141,  6,  6393, 7396,  496660,   44376,  452283, 0.1098717,  32, 0.6528861,
142,  9, 63884,  328,  273875,   98400,  175474, 0.0688731,  44, 1.5040844,
143,  4, 30525,  562,  389444,   38778,  350665, 0.1006752,  33, 0.8327938,
144, 18, 45097,   97,  136625,   31816,  104808, 0.0355630,  44, 3.6358711,
145, 13, 39652, 2419,  483853,   58056,  425796, 0.0990899,  32, 1.5486649,
146,  7, 29137,  713,  306508,   89125,  217382, 0.0707249,  33, 0.9820066,
147,  8, 29528,   30,  166489,   26280,  140208, 0.0494346,  45, 6.2684900,
148,  4, 12412, 1240,  356016,   69440,  286575, 0.0784868,  33, 0.6221591,
149, 16,  5269,  391,  256689,  116909,  139779, 0.0880319,  34, 2.4666761,
150,  9,  5873,  159,  245836,   55650,  190185, 0.0488849,  44, 1.3196434,
151,  4, 30024,  140,  164305,   44240,  120064, 0.0593064,  44, 1.7007325,
152, 19,  5901,   48,  113148,   24000,   89147, 0.0235855,  45, 2.9443752,
153,  8,  8240,   94,  184480,   35814,  148665, 0.0671871,  44, 2.1789890,
154,  5,  7787, 3295,  582912,  309730,  273181, 0.0829375,  33, 0.5229472,
155,  9, 45316,  582,  324793,  112908,  211884, 0.0741511,  33, 1.2694991,
156, 11, 10813,   16,  106006,   16928,   89077, 0.0241752,  45, 2.5554438,
157, 10, 11427,   28,  130465,   23604,  106860, 0.0401110,  45, 2.5935134,
158,  6,  6162,  362,  264038,   45612,  218425, 0.0826722,  33, 0.9934449,
159,  7,  8179,   17,  154101,   16796,  137304, 0.0410198,  45, 1.3446435,
160, 12, 31827, 3651,  448266,   62067,  386198, 0.0997384,  32, 2.1153355,
Error: add_turn_1 called after max_t reached.
Error: add_turn_2 called after max_t reached.
161, 18,  4034,   14,   97098,   11410,   85687, 0.0200472,  44, 3.2397006,
162, 20, 61226,  832,  349503,  199680,  149822, 0.0453195,  33, 2.8083154,
163,  7,  7070,  341,  288971,   47740,  241230, 0.0947388,  33, 1.2400206,
164, 13,  5662,   12,   88669,   13596,   75072, 0.0206729,  45, 1.9342420,
165, 14, 24061,  627,  291066,  147345,  143720, 0.0575627,  33, 1.7590484,
166, 14,  7523,   34,  125917,   26418,   99498, 0.0290497,  45, 2.1595393,
167, 19, 28993, 3085,  466216,   80210,  386005, 0.1005757,  32, 2.2514289,
168,  9, 47296,   22,  162606,   21934,  140671, 0.0442812,  45, 4.6829261,
169, 14,  8450,   74,  162773,   29822,  132950, 0.0402287,  44, 2.7625821,
170,  7,  5320,   17,  155817,   16286,  139530, 0.0438771,  45, 0.8965481,
171, 19, 46719,  147,  155239,   44100,  111138, 0.0424007,  34, 3.9221698,
172, 10, 18813, 1488,  508158,  312480,  195677, 0.0607638,  33, 1.1415081,
173, 15, 23551, 3322,  538304,   76406,  461897, 0.1160416,  32, 1.6661724,
174,  5, 58642,  272,  266870,   86768,  180101, 0.0875861,  45, 1.0068249,
175,  4, 14660, 9318,  428393,   37272,  391120, 0.1032541,  32, 0.3787800,
176,  4, 19921,  915,  168042,   69540,   98501, 0.0325822,  33, 0.4601571,
177, 17, 52450, 1238,  370902,   33426,  337475, 0.0834699,  32, 1.9711943,
178, 15, 19996, 5157,  620762,   77355,  543406, 0.1490766,  32, 1.6458249,
179, 18,  5683, 1408,  469458,   52096,  417361, 0.1108998,  32, 2.1860276,
180, 13, 10662,   95,  178801,   36005,  142795, 0.0532287,  44, 2.6081956,
181, 17, 25361, 2343,  499462,   70290,  429171, 0.1069880,  32, 1.9609057,
182, 20, 26319, 1160,  433633,  276080,  157552, 0.0425739,  33, 2.6865809,
183, 13,  9197,   14,   94242,   15610,   78631, 0.0203666,  45, 2.1904948,
184, 16, 29630,   56,  127216,   27664,   99551, 0.0261238,  45, 3.7172893,
185, 14,  7171, 4248,  575304,  101952,  473351, 0.1054859,  32, 1.4420253,
186,  7, 59346, 7617,  854434,   30468,  823965, 0.1831748,  32, 0.7402148,
187,  5, 56826, 9879,  731899,   29637,  702261, 0.1632524,  32, 0.4928183,
188, 11,  6063, 2147,  509596,   40793,  468802, 0.1147394,  32, 1.1560065,
189, 20, 39419,  241,  180059,   71818,  108240, 0.0416329,  44, 3.2390028,
190, 12, 20865, 8903,  716121,  124642,  591478, 0.1563536,  32, 1.2032347,
191, 16,  6273,  163,  182721,   49389,  133331, 0.0490473,  44, 2.7155907,
192, 17, 11530, 3419,  485784,  136760,  349023, 0.0872267,  32, 1.8487395,
193,  5, 17440,   57,  194555,   37050,  157504, 0.0464214,  45, 2.5027541,
194,  6, 17393,  109,  221675,   48832,  172842, 0.0606533,  45, 1.9721207,
195, 11, 60221, 1133,  472986,  260590,  212395, 0.0958504,  33, 1.4198513,
196,  5, 16947, 9064,  832452,   27192,  805259, 0.1851780,  32, 0.4733637,
197,  9,  5313, 2987,  765559,   20909,  744649, 0.1769549,  32, 0.9142811,
198, 12, 14047, 1982,  569504,   27748,  541755, 0.1312607,  32, 1.2778328,
199, 11, 27405,  781,  389866,  182754,  207111, 0.0613068,  33, 1.4966019,
200, 17, 17196, 2624,  458366,   62976,  395389, 0.1072534,  32, 1.8541840,
201, 20,  4782,  194,  171760,   58006,  113753, 0.0407639,  34, 2.6369235,
202, 11,  9203,   23,  115579,   21689,   93889, 0.0306442,  45, 1.9496949,
203, 14, 37328, 1335,  472998,   21360,  451637, 0.1017767,  32, 1.5628052,
204,  9, 30203,   24,  140780,   21528,  119251, 0.0304542,  45, 4.6521761,
205, 16,  7619,   61,  137931,   30012,  107918, 0.0356877,  45, 2.3863905,
206,  6,  5325, 5037,  939698,   35259,  904438, 0.2234950,  32, 0.5492724,
207, 15, 33014,  344,  236363,   79464,  156898, 0.0522998,  33, 2.1480103,
208, 14, 36223, 4173,  520581,   79287,  441293, 0.0983826,  32, 1.5203270,
209,  6, 16710, 3213,  465994,   22491,  443502, 0.1185796,  32, 0.6028155,
210,  7,  4085, 1006,  430599,  183092,  247506, 0.0897195,  33, 0.9023184,
211,  6, 34471, 2678,  556884,  324038,  232845, 0.0651713,  33, 0.6361847,
212,  7, 57917,  124,  213304,   46748,  166555, 0.0775309,  44, 1.7653875,
213, 12, 13197,   59,  149371,   25134,  124236, 0.0327147,  44, 2.8980904,
214, 10, 11412,  164,  209165,   49036,  160128, 0.0503751,  34, 1.7579459,
215, 19,  5569,  289,  196885,   86411,  110473, 0.0445172,  34, 2.7587972,
216,  4, 50741, 1823,  506881,  136725,  370155, 0.1124532,  33, 0.4952207,
217, 19, 23574, 1394,  380440,   39032,  341407, 0.0822615,  32, 2.4316405,
218, 20, 23661, 2505,  461447,   85170,  376276, 0.1139248,  32, 2.5568657,
219, 19,  7878, 7560,  712527,  279720,  432806, 0.0957377,  32, 2.3955037,
220, 18, 22039,  150,  151155,   45300,  105854, 0.0432723,  44, 3.3714561,
221, 16, 30347,  122,  175534,   44896,  130637, 0.0438685,  45, 2.7273577,
222,  5, 34997, 8988,  702948,   53928,  649019, 0.2118150,  32, 0.4967699,
223,  8, 29662,  116,  223016,   45820,  177195, 0.0579213,  44, 2.1063545,
224, 20, 38401,  316,  217572,   94800,  122771, 0.0563635,  44, 3.2731091,
225, 18, 12033, 6225,  620284,  267675,  352608, 0.0823811,  32, 2.0871138,
226,  6, 29966, 8669,  631580,   34676,  596903, 0.1948365,  32, 0.5641624,
227,  4,  9300,  216,  271566,   52056,  219509, 0.0806911,  34, 1.1446108,
228, 17,  5444, 4220,  559673,  101280,  458392, 0.1018301,  32, 1.9211153,
229,  9, 10315,  178,  236940,   58740,  178199, 0.0650028,  44, 1.7007253,
230, 14, 24608,   23,  105327,   20447,   84879, 0.0265611,  45, 3.0488499,
231,  9, 24015, 2345,  530456,   21105,  509350, 0.1387906,  32, 0.8925694,
232, 12,  8905,   39,  148358,   28158,  120199, 0.0336299,  45, 1.9639967,
233, 20, 24819,  767,  311345,  182546,  128798, 0.0391559,  33, 2.6486641,
234, 17, 20201,  122,  156627,   39162,  117464, 0.0390653,  44, 2.8721578,
235, 12, 62524,  910,  381672,  214760,  166911, 0.0523301,  33, 1.3255196,
236, 19, 24976,   56,  128436,   23968,  104467, 0.0327504,  44, 3.7665533,
237, 13, 41721, 3100,  449948,   71300,  378647, 0.0965859,  32, 1.3821001,
238, 15, 10488,  608,  301027,  142880,  158146, 0.0578597,  33, 1.7194147,
239,  9, 17374,   22,  139180,   20746,  118433, 0.0408351,  45, 4.7457414,
240, 13, 11531, 1335,  501148,  313725,  187422, 0.0488998,  33, 1.4772404,
241, 15,  5401,  118,  164905,   35400,  129504, 0.0643153,  34, 1.7267050,
242,  6, 16999, 8004,  833350,   88044,  745305, 0.1548319,  32, 0.5516381,
243, 13, 18981,   30,  124189,   24750,   99438, 0.0248944,  45, 3.5537923,
244,  5,  6807,   97,  301398,   61013,  240384, 0.0639088,  45, 0.7571819,
245,  9, 18623,  196,  200217,   57624,  142592, 0.0590004,  34, 1.5097863,
246,  8, 46081,  558,  388963,   84816,  304146, 0.1104654,  33, 1.2235863,
247, 11,  5890, 2929,  465413,   38077,  427335, 0.1071408,  32, 1.1872499,
248, 18, 16123,  890,  357541,  210930,  146610, 0.0589938,  33, 2.4244051,
249,  6,  5581,   20,  167920,   18720,  149199, 0.0575779,  45, 0.9138956,
250, 11,  9855,  935,  358071,  198220,  159850, 0.0593954,  33, 1.2443221,
251,  8, 53742,  149,  221796,   49915,  171880, 0.0757321,  44, 1.6296316,
252, 14,  9624,   30,  111173,   21240,   89932, 0.0253674,  45, 2.4526684,
253, 20, 17463, 2003,  377619,   74111,  303507, 0.0886912,  32, 2.6114941,
254, 20,  5616,   14,   77357,   20258,   57098, 0.0144153,  45, 3.0741555,
255, 15, 58434,   27,  106571,   21384,   85186, 0.0223071,  45, 3.2603779,
256, 20,  6829, 5957,  655220,  303807,  351412, 0.1009013,  32, 2.5565493,
257, 19,  5323, 5179,  576913,  181265,  395647, 0.0877006,  32, 2.1789342,
258,  8, 34380,  166,  240920,   55112,  185807, 0.0545398,  44, 1.7900742,
259,  7, 48690,  146,  221104,   49348,  171755, 0.0537358,  44, 1.7581663,
260,  8, 18900, 6201,  700070,   80613,  619456, 0.2138942,  32, 0.7858078,
261, 20, 11898,  108,  151796,   34884,  116911, 0.0353988,  44, 4.1736037,
262, 15, 14353,   27,  100371,   21816,   78554, 0.0201513,  45, 3.1867491,
263,  4,  6533, 4896,  752047,  372096,  379950, 0.1189304,  33, 0.3554203,
264, 19,  6987,  258,  200880,   77400,  123479, 0.0509186,  34, 3.0846591,
265, 10, 12789,  345,  276858,  102465,  174392, 0.0924277,  34, 1.4010094,
266, 14, 59773,   94,  157437,   32806,  124630, 0.0447317,  44, 2.7062568,
267,  7,  7339, 9196,  584729,  110352,  474376, 0.1074385,  32, 0.6678174,
268,  7,  8840,  203,  238916,   63336,  175579, 0.0541222,  44, 1.2481323,
269, 14,  5683,  217,  197949,   65100,  132848, 0.0531654,  44, 1.7126374,
270,  6, 15134, 4554,  706045,   22770,  683274, 0.1813333,  32, 0.5890743,
271, 12,  8747,  217,  228438,   65968,  162469, 0.0602403,  44, 1.9273664,
272, 13,  7639,   17,   84500,   15861,   68638, 0.0198419,  45, 2.1485913,
273, 16,  5097,   90,  158702,   32400,  126301, 0.0363877,  44, 1.8952636,
274, 20, 26549, 8732,  731893,  349280,  382612, 0.1042934,  32, 2.5789042,
275, 11, 34191,   33,  145546,   25476,  120069, 0.0304588,  45, 4.5759804,
276,  4, 12179, 8942,  827736,   35768,  791967, 0.2161827,  32, 0.4622784,
277,  4, 15937,   12,  163240,   11088,  152151, 0.0536758,  45, 2.9348209,
278,  8, 16115, 1402,  544810,  283204,  261605, 0.0757732,  33, 1.3419829,
279, 19, 28777, 3668,  552717,  143052,  409664, 0.0984132,  32, 2.5919835,
280,  8,  9008,   17,  105466,   15759,   89706, 0.0303020,  45, 1.7179759,
281, 15, 56432,  449,  260558,  104168,  156389, 0.0630004,  33, 2.0552744,
282, 13, 61258, 5467,  513072,  103873,  409198, 0.1181836,  32, 1.4271510,
283,  8,  4756,  628,  310919,  113668,  197250, 0.0570343,  33, 1.0279530,
284,  7, 20874, 3190,  572716,   28710,  544005, 0.1189043,  32, 0.7672047,
285, 19, 15077, 3777,  537279,   94425,  442853, 0.0936367,  32, 2.3218468,
286, 13, 38821,   88,  153347,   31856,  121490, 0.0374795,  44, 2.6366574,
287, 15, 28155, 1218,  447490,  289884,  157605, 0.0507480,  33, 1.9779489,
288,  9, 22883,  934,  374862,  189602,  185259, 0.0629294,  33, 1.1591094,
289, 20,  4003,   31,   92215,   19747,   72467, 0.0188901,  45, 2.9109285,
290, 11, 14361, 8434,  748806,  134944,  613861, 0.1237181,  32, 1.1290541,
291,  5, 28920,   13,  174913,   12519,  162393, 0.0614021,  45, 8.7989757,
292,  6,  9248,   46,  162526,   31556,  130969, 0.0481583,  45, 1.2699380,
293, 16, 54687,   10,   91717,   53110,   38606, 0.0110568,   2, 3.9862528,
294, 11, 46369, 2368,  639138,   16576,  622561, 0.1655533,  32, 1.1857239,
295, 16,  9608,  125,  170681,   40375,  130305, 0.0354790,  44, 2.5523564,
296, 18,  4630, 1112,  434533,  263544,  170988, 0.0568829,  33, 2.3525331,
297,  4, 10503,  169,  193133,   43264,  149868, 0.0473484,  44, 1.0036295,
298, 19,  6714,  133,  163089,   42427,  120661, 0.0310663,  44, 3.7279195,
299, 13, 14234,  294,  224948,   87318,  137629, 0.0744711,  34, 1.8204996,
300, 18,  4179,  903,  365777,  207690,  158086, 0.0386535,  33, 2.4696190,
301, 19, 26624, 7720,  769411,  277920,  491490, 0.1015288,  32, 2.3295949,
302,  5,  5093, 9465,  732502,   37860,  694641, 0.1588181,  32, 0.4698631,
303, 11, 61535, 5160,  650870,   25800,  625069, 0.1382289,  32, 1.1418333,
304, 13,  8923,   14,  102198,   17360,   84837, 0.0249579,  45, 2.3435861,
305, 18, 51744, 5056,  452168,   45504,  406663, 0.0925588,  32, 2.0656717,
306, 11, 37676,  552,  344687,  127512,  217174, 0.0764315,  33, 1.5243489,
307, 16,  7158, 9235,  621482,  203170,  418311, 0.1371928,  32, 1.8451074,
308,  4,  8413, 1300,  443893,  105300,  338592, 0.1172633,  33, 0.5669510,
309,  6, 10077,   59,  184414,   37170,  147243, 0.0571564,  45, 1.4724731,
310,  8, 10543,   15,  122501,   14925,  107575, 0.0350301,  45, 1.6389084,
311, 12, 43430,  357,  277402,  106743,  170658, 0.0932993,  34, 1.7208949,
312, 12,  9567, 1876,  531505,   24388,  507116, 0.1201913,  32, 1.3615007,
313, 11, 14306,  478,  266213,  109940,  156272, 0.0735679,  33, 1.4597901,
314, 12,  4298,  261,  250504,   78039,  172464, 0.0643529,  44, 1.3537921,
315,  6, 54399,   18,  183234,   17514,  165719, 0.0549133,  45, 8.2245188,
316, 11,  5022, 2920,  454328,   52560,  401767, 0.1022099,  32, 1.1341021,
317,  6, 24179,   80,  255955,   50080,  205874, 0.0599073,  45, 2.8925932,
318, 12, 26303, 1910,  621641,   36290,  585350, 0.1298390,  32, 1.3819991,
319, 20,  4008,   58,  122056,   22156,   99899, 0.0307500,  44, 2.6841511,
320, 17, 26172, 1695,  403013,   47460,  355552, 0.0932780,  32, 1.9605818,
321, 12,  5506, 6244,  535633,   74928,  460704, 0.1126930,  32, 1.2715716,
322, 14,  6291, 1492,  530372,   35808,  494563, 0.1280214,  32, 1.4678868,
323, 14, 17519,  205,  203733,   62115,  141617, 0.0567072,  44, 2.2596740,
324, 15, 24097,  468,  265572,  109980,  155591, 0.0474841,  33, 1.8926493,
325,  7, 20666,   53,  161906,   32595,  129310, 0.0443410,  45, 2.4248360,
326, 17, 12521, 1961,  537636,   31376,  506259, 0.1013519,  32, 2.0904214,
327, 14,  4057, 5338,  491665,  117436,  374228, 0.0882756,  32, 1.4887166,
328, 12, 13204, 6498,  606463,   90972,  515490, 0.1246393,  32, 1.2396438,
329,  7, 12432,   69,  185167,   31947,  153219, 0.0476911,  44, 2.4399658,
330,  4, 19672,  182,  330883,   38402,  292480, 0.1046395,  34, 1.3833908,
331,  5,  7847, 1769,  539375,  169824,  369550, 0.1429497,  33, 0.6600030,
332, 10, 21214,   28,  125755,   22932,  102822, 0.0258985,  45, 4.7460782,
333,  4, 19691, 1251,  434697,   80064,  354632, 0.1756788,  33, 0.5156081,
334,  8,  7525,  126,  227750,   47376,  180373, 0.0553010,  44, 2.0706116,
335, 16, 17984,   32,   99434,   20960,   78473, 0.0224875,  45, 3.6717000,
336, 17, 19886,   76,  141545,   32908,  108636, 0.0351408,  45, 3.0001459,
337,  5, 11509,  952,  317886,  108528,  209357, 0.0728612,  33, 0.6842498,
338, 18, 56962,  417,  228735,   97995,  130739, 0.0461502,  33, 2.4269422,
339,  4, 30468,   22,  166027,   19074,  146952, 0.0705592,  45, 6.0216978,
340, 13,  6105,  109,  159897,   35861,  124035, 0.0484595,  44, 1.6782407,
341,  6,  9182,   79,  205886,   42502,  163383, 0.0463992,  45, 1.4004088,
342,  4,  5639,   37,  178569,   29378,  149190, 0.0567011,  45, 0.5928571,
343,  7, 40389,   23,  145532,   20171,  125360, 0.0469698,  45, 5.8813333,
344, 17, 13666,   76,  140054,   32528,  107525, 0.0339205,  45, 2.9585062,
345,  7, 12917,   11,  129858,   11682,  118175, 0.0515421,  45, 2.0115127,
346,  4, 11858,   38,  162764,   28576,  134187, 0.0432142,  45, 1.9933704,
347, 14, 22608, 6252,  570016,  125040,  444975, 0.1066456,  32, 1.5321512,
348, 20,  6749,   20,   88793,   20680,   68112, 0.0163292,  45, 3.3286222,
349, 19,  4970,  103,  133149,   33475,   99673, 0.0327000,  44, 2.4636124,
350,  7, 36924,  193,  223474,   55970,  167503, 0.0604685,  34, 1.3489432,
351, 15, 32067,  534,  296825,  127092,  169732, 0.0556074,  33, 1.9611968,
352, 20, 19204,  177,  167368,   53277,  114090, 0.0369392,  44, 4.1909401,
353, 19,  8601,   27,   99897,   22275,   77621, 0.0179907,  45, 2.9621217,
354, 10, 25933,   91,  204945,   38311,  166633, 0.0570156,  44, 2.9231733,
355, 11,  6966,  218,  213739,   65400,  148338, 0.0702680,  44, 1.7862549,
356,  7, 10839, 1166,  443227,  183062,  260164, 0.0972985,  33, 0.8076220,
357, 14,  5073,   11,   90876,   16720,   74155, 0.0197561,  45, 2.1507310,
358, 15, 27049,   50,  143985,   23450,  120534, 0.0358904,  44, 3.3661003,
359,  5, 18606,   15,  154765,   14190,  140574, 0.0635612,  45, 4.9919705,
360, 14, 31409,   50,  137079,   27850,  109228, 0.0286674,  45, 3.0289755,
361,  6, 13069,  100,  209982,   46100,  163881, 0.0550198,  45, 2.0992796,
362, 17,  6834,  942,  400623,  223254,  177368, 0.0661939,  33, 2.0999061,
363, 11, 10337, 3856,  656054,   84832,  571221, 0.1279670,  32, 1.1708470,
364,  9, 13245, 6979,  560240,   76769,  483470, 0.1345854,  32, 0.8688041,
365, 17, 13433,   24,   99340,   20544,   78795, 0.0192174,  45, 3.2784255,
366,  7, 13672,   49,  189727,   35525,  154201, 0.0448803,  45, 2.9881286,
367,  9, 40298,  143,  207457,   46332,  161124, 0.0583894,  44, 1.8601722,
368,  8, 56585, 2171,  528848,   28223,  500624, 0.1255487,  32, 0.9471091,
369, 20,  6312, 2950,  394115,   76700,  317414, 0.0718876,  32, 2.3340489,
370, 11, 56231,  422,  277682,  125334,  152347, 0.0538192,  34, 1.5523574,
371,  5, 22488, 2429,  429512,  242900,  186611, 0.0727111,  33, 0.5375254,
372,  4, 32530,   27,  108442,   20844,   87597, 0.0547896,  45, 3.7886556,
373, 19,  4069,   74,  143671,   32782,  110888, 0.0303883,  45, 2.4667282,
374, 16, 54881, 5386,  479139,  102334,  376804, 0.1286250,  32, 1.7400781,
375,  8, 58697,   12,  150697,   12888,  137808, 0.0420986,  45, 7.1064173,
376, 20, 37418,  192,  159858,   57408,  102449, 0.0546724,  34, 3.1140398,
377, 17, 26471,   92,  149751,   34316,  115434, 0.0428390,  45, 2.9097776,
378, 15,  8807,   15,   99489,   19815,   79673, 0.0201551,  45, 2.5057964,
379,  6, 37677, 3469,  510402,   31221,  479180, 0.1670080,  32, 0.6259197,
380,  6, 27403,  177,  270126,   60180,  209945, 0.0733110,  44, 1.6024117,
381,  8, 50207,  149,  238499,   44253,  194245, 0.0598013,  34, 1.8436256,
382,  9,  4267,  746,  362686,  124582,  238103, 0.0833541,  33, 0.9673381,
383,  8, 46599,   74,  174191,   36852,  137338, 0.0465505,  45, 2.1614985,
384, 19, 45332, 3575,  475709,  117975,  357733, 0.0977602,  32, 2.3138934,
385, 17, 13278, 7042,  674243,  316890,  357352, 0.0925677,  32, 1.9569327,
386,  5, 16530,   21,  192378,   19509,  172868, 0.0714908,  45, 3.5365424,
387,  6, 27615,   80,  254380,   51440,  202939, 0.0651493,  45, 2.3525582,
388,  4,  4931,   36,  100480,   23940,   76539, 0.0434804,  45, 0.4467342,
389, 12, 60563,   22,  119546,   22088,   97457, 0.0304842,  45, 3.9534197,
390, 16,  7991,  125,  166766,   40500,  126265, 0.0407767,  44, 2.6383952,
391, 10,  5865,  355,  260280,  105435,  154844, 0.0522430,  44, 1.3230882,
392,  6,  9299, 2264,  489218,   22640,  466577, 0.1216442,  32, 0.5768814,
393, 19, 58202,  667,  293590,  156078,  137511, 0.0398849,  33, 2.6420298,
394, 15, 25260,   14,   82177,   16240,   65936, 0.0170689,  45, 3.4110422,
395, 10, 45722, 4373,  512231,   52476,  459754, 0.1096984,  32, 1.0138895,
396, 20, 46216,   43,  108133,   22102,   86030, 0.0218130,  45, 4.0942581,
397, 20,  5933,  480,  262164,  114240,  147923, 0.0440272,  33, 2.8065975,
398, 19, 10545, 9996,  616295,  219912,  396382, 0.1028472,  32, 2.2983639,
399,  4,  6824,   17,  134447,   14960,  119486, 0.0489333,  45, 0.7712079,
400,  9, 25326,   34,  157300,   27132,  130167, 0.0398614,  45, 3.7861598,
401, 10, 11457, 8059,  776318,  137003,  639314, 0.1794216,  32, 1.0308688,
402,  6, 11005,  696,  381867,   73080,  308786, 0.1075309,  33, 0.9582639,
403, 10,  6257,   53,  149284,   31747,  117536, 0.0411367,  45, 1.4004122,
404, 19,  6071,  590,  275744,  139830,  135913, 0.0389724,  33, 2.3463914,
405, 14, 59591,   20,  109608,   21620,   87987, 0.0259225,  45, 3.4028817,
406,  5, 57970,  805,  371493,   75670,  295822, 0.1237229,  33, 0.7616169,
407, 13,  6333, 1028,  436310,  244664,  191645, 0.0603577,  33, 1.5739356,
408,  9, 14496,   12,  129752,   12768,  116983, 0.0325110,  45, 2.8141814,
409,  5,  6272,   15,  167396,   14325,  153070, 0.0551473,  45, 0.7323480,
410, 19, 43488,  282,  203137,   84318,  118818, 0.0551181,  34, 2.9823813,
411, 12,  8833, 2530,  535340,   50600,  484739, 0.1362935,  32, 1.3969356,
412,  6,  9484,  881,  383866,  112768,  271097, 0.0904142,  33, 0.8617518,
413, 17, 19858,   28,  110846,   22904,   87941, 0.0220661,  45, 3.2382966,
414,  5,  4890, 1307,  371615,  126779,  244835, 0.0811452,  33, 0.6012873,
415,  9, 21536,  327,  318009,   98427,  219581, 0.1007813,  44, 1.6742122,
416, 14, 28589,   43,  139462,   28251,  111210, 0.0285012,  45, 3.0781929,
417, 12,  6355,  129,  166521,   42441,  124079, 0.0378705,  44, 1.6226973,
418, 13, 29133,  387,  250097,  115713,  134383, 0.0626721,  44, 1.7141868,
419, 11,  4556,  111,  191036,   40626,  150409, 0.0522959,  44, 1.2316339,
420,  5, 14267, 3926,  651073,   15704,  635368, 0.1754268,  32, 0.4904753,
421, 19, 38685, 1283,  461151,  302788,  158362, 0.0472680,  33, 2.3962258,
422,  6, 27361,  602,  331435,   72842,  258592, 0.0841827,  33, 0.8148289,
423, 13, 25328,   62,  161929,   34224,  127704, 0.0459053,  45, 3.5536758,
424, 15,  6096,   53,  146596,   30369,  116226, 0.0354040,  45, 1.9868929,
425,  4, 14876,  971,  313479,   68941,  244537, 0.0797871,  33, 0.6195704,
426,  8, 21393,   87,  228047,   46197,  181849, 0.0657240,  45, 2.3852196,
427,  9, 16344,   63,  156714,   26334,  130379, 0.0392447,  44, 2.3599752,
428, 10, 55997,  261,  251029,   77517,  173511, 0.0720361,  44, 1.6408691,
429, 10, 30566,  453,  272413,   98754,  173658, 0.0922062,  33, 1.3499000,
430, 11, 10026, 1437,  531079,  340569,  190509, 0.0632427,  33, 1.1572412,
431,  6, 16897, 2625,  676670,  325500,  351169, 0.1190400,  33, 0.6584428,
432,  6, 28156, 2441,  567610,  297802,  269807, 0.0790527,  33, 0.6952916,
433,  9, 15969, 1898,  392996,   18980,  374015, 0.0992173,  32, 0.9630822,
434, 17,  5121, 2065,  481247,   78470,  402776, 0.1014952,  32, 2.0250930,
435, 15, 36541,   18,  110352,   23112,   87239, 0.0229206,  45, 3.5177660,
436,  7, 61756, 1980,  487805,  289080,  198724, 0.0496672,  33, 0.8368815,
437,  7, 25399, 4386,  344759,   21930,  322828, 0.0852138,  32, 0.6517630,
438,  6, 22753, 3928,  660415,   11784,  648630, 0.1695702,  32, 0.6271727,
439, 18, 14963, 7677,  671550,  207279,  464270, 0.0978909,  32, 2.2383741,
440,  9, 34152,   18,  119997,   17712,  102284, 0.0350289,  45, 4.9103931,
441, 10, 51229,   26,  123204,   22412,  100791, 0.0263855,  45, 4.5275277,
442,  8,  5848, 1408,  474112,  223872,  250239, 0.0917101,  33, 0.8116269,
443, 17,  5902,   20,   96891,   21280,   75610, 0.0223242,  45, 2.4621278,
444,  5, 38633,   91,  240966,   47957,  193008, 0.0589714,  45, 2.1607716,
445, 15, 22320,  162,  170635,   48276,  122358, 0.0457000,  34, 2.4284805,
446, 13, 18923,   27,  130465,   25569,  104895, 0.0323821,  45, 3.3823983,
447,  6,  7010,  247,  337803,   80275,  257527, 0.0667582,  44, 1.5702557,
448, 17, 47466, 5789,  561939,  133147,  428791, 0.1000000,  32, 1.9169255,
449, 18,  4950, 1977,  422755,   57333,  365421, 0.0816511,  32, 2.3652918,
450, 11, 33053, 4272,  666083,   98256,  567826, 0.1377072,  32, 1.1372125,
451, 10, 25856,  162,  224693,   53784,  170908, 0.0486939,  44, 1.9739361,
452, 20, 14029, 4125,  518419,  156750,  361668, 0.1009084,  32, 2.9504989,
453, 20, 33062,   30,  105816,   23370,   82445, 0.0201314,  45, 4.8502332,
454, 10,  4535, 2821,  646840,   31031,  615808, 0.1239182,  32, 1.2094134,
455, 11, 10561,   52,  142220,   24284,  117935, 0.0385088,  44, 3.5239392,
456, 14,  5384, 1094,  443184,  258184,  184999, 0.0548240,  33, 1.7865494,
457, 17,  4918,  753,  317455,  179214,  138240, 0.0383175,  33, 2.3862346,
458,  6, 48522,  256,  274536,   74752,  199783, 0.0876836,  34, 1.2662908,
459, 12, 12312, 2130,  573988,   51120,  522867, 0.1105242,  32, 1.4838338,
460, 17, 18625,   58,  139613,   30218,  109394, 0.0320875,  45, 3.1510655,
461,  4,  8973,   32,   75797,   19904,   55892, 0.0402607,  45, 1.2697940,
462,  4,  8084,  570,  294496,   59850,  234645, 0.1125637,  33, 0.7913033,
463, 13, 36277,  966,  433251,  227010,  206240, 0.0616312,  33, 1.7508806,
464,  6,  8894,  131,  223268,   45981,  177286, 0.0519659,  44, 1.6127709,
465, 17, 51552,   44,  122302,   26268,   96033, 0.0265945,  45, 3.2145125,
466, 20, 16808, 1883,  465843,   75320,  390522, 0.0926313,  32, 2.8002722,
467,  6, 10441, 2887,  661870,  430163,  231706, 0.0957365,  33, 0.6616466,
468, 14, 14843,   11,   95552,   15147,   80404, 0.0222898,  45, 3.4568625,
469,  7,  8906,   15,  134889,   14865,  120023, 0.0452865,  45, 1.2590711,
470,  4,  9947, 7134,  597795,   35670,  562124, 0.1661241,  32, 0.3986698,
471, 12, 37008, 1586,  505867,   25376,  480490, 0.1498127,  32, 1.3851082,
472,  7, 16179,   37,  189039,   31080,  157958, 0.0450242,  45, 4.5854091,
473, 14,  7975,  502,  290612,  149596,  141015, 0.0499290,  34, 1.9063049,
474, 11,  8502,   57,  177962,   35169,  142792, 0.0477119,  45, 1.6796427,
475, 16, 30965,  191,  177911,   57109,  120801, 0.0414982,  34, 2.8226444,
476, 16, 14989, 1103,  426566,  260308,  166257, 0.0513394,  33, 1.9981211,
477,  6,  4880,  123,  170677,   40590,  130086, 0.0439276,  44, 0.6856294,
478,  7, 16249,   16,  121357,   14064,  107292, 0.0392303,  45, 6.1285072,
479,  4, 15682,  110,  148380,   24860,  123519, 0.0494425,  34, 1.3591694,
480,  7, 19372, 7059,  701730,   56472,  645257, 0.1544885,  32, 0.7025234,
481, 15, 15459,   32,  111429,   23456,   87972, 0.0247016,  45, 3.2620269,
482, 16, 23568,   22,  110757,   22066,   88690, 0.0240737,  45, 3.8676692,
483,  9,  9220, 1897,  502285,   18970,  483314, 0.1206192,  32, 0.9014437,
484, 18, 37700,   30,  111507,   24210,   87296, 0.0227674,  45, 3.3949300,
485, 18,  4262,  956,  374164,  226572,  147591, 0.0550372,  33, 2.2890661,
486,  6, 17069,  433,  335991,   57156,  278834, 0.0906466,  43, 0.9551473,
487, 20, 42265, 7942,  763809,  341506,  422302, 0.0868533,  32, 2.7509299,
488,  9, 16979, 1074,  464581,  204060,  260520, 0.0916065,  33, 1.1575729,
489, 15, 33791, 1316,  500001,  310576,  189424, 0.0601289,  33, 1.8186590,
490, 17,  5193, 2486,  468801,   62150,  406650, 0.1015200,  32, 2.0059380,
491, 15, 31764,   78,  152079,   29484,  122594, 0.0380602,  44, 3.0922853,
492, 14, 41322,   52,  134645,   28756,  105888, 0.0287152,  45, 2.9069514,
493,  8,  5585, 4372,  670554,   39348,  631205, 0.1565427,  32, 0.7432986,
494,  4, 46504,   11,  141045,   10054,  130990, 0.0617423,  45, 9.7454404,
495,  5,  4050,   85,  205672,   45645,  160026, 0.0466421,  45, 0.5673875,
496, 10,  9540,   16,  132572,   16240,  116331, 0.0331849,  45, 2.0261544,
497,  9, 15938,  110,  225432,   44660,  180771, 0.0565505,  44, 2.0529859,
498, 16, 18871,   10,   83894,   15500,   68393, 0.0219630,  45, 3.6806442,
499, 17, 13423,   19,   97634,   21299,   76334, 0.0210202,  45, 3.4663190,
500, 19, 52185,   19,   86513,   19171,   67341, 0.0157828,  45, 3.6541448,
501,  9, 37978,  153,  242749,   53703,  189045, 0.0819096,  44, 1.9293040,
502,  8, 27490, 1311,  444381,   17043,  427337, 0.1419758,  32, 0.9316872,
503, 11, 42766,   35,  152873,   29050,  123822, 0.0454857,  45, 4.5567465,
504, 10,  8265,   40,  143317,   27560,  115756, 0.0405586,  45, 1.6358414,
505, 10, 22640, 1355,  456201,  287260,  168940, 0.0617472,  33, 1.0713137,
506,  7, 32689,   27,  156268,   22842,  133425, 0.0444200,  45, 4.5193618,
507, 15, 33943,  190,  194608,   57000,  137607, 0.0562515,  44, 2.3054652,
508, 19,  4894,  156,  165224,   47892,  117331, 0.0477571,  44, 2.3839602,
509, 12,  8343, 1841,  577116,   27615,  549500, 0.1199733,  32, 1.3008664,
510, 19, 19578,  159,  180174,   47382,  132791, 0.0462768,  34, 3.5678298,
511, 11, 14578,   29,  132946,   24882,  108063, 0.0304590,  45, 4.3585682,
512,  4, 18901,   33,  176278,   27258,  149019, 0.0575050,  45, 4.3815372,
513, 15, 60537, 5938,  589481,  118760,  470720, 0.1095340,  32, 1.6281714,
514, 20, 10761,  172,  169729,   51944,  117784, 0.0359285,  44, 3.0810266,
515, 10,  9483,   70,  162628,   35420,  127207, 0.0368764,  45, 2.2983135,
516,  4,  9553,  335,  390434,   78390,  312043, 0.0883032,  44, 1.0775530,
517,  5, 52680,   13,  131295,   12168,  119126, 0.0426379,  45, 8.1564527,
518,  8,  5542,   16,  121516,   15456,  106059, 0.0328533,  45, 1.0334812,
519,  9,  4842, 1315,  487959,  240645,  247313, 0.0821489,  33, 1.0311225,
520, 10, 16167,  189,  222204,   58968,  163235, 0.0647271,  44, 1.6904720,
521,  6, 27733, 5962,  790083,   77506,  712576, 0.1768459,  32, 0.5908436,
522, 10, 15951, 3147,  526480,   34617,  491862, 0.1047307,  32, 1.0874348,
523, 19, 17139,  690,  308774,  164910,  143863, 0.0541609,  33, 2.6024558,
524, 14, 10524, 4740,  471458,   52140,  419317, 0.0956935,  32, 1.4146001,
525,  6, 13483,  510,  369821,   63750,  306070, 0.0928568,  43, 0.9336804,
526,  4, 10942, 1730,  447643,  121100,  326542, 0.1101331,  33, 0.4532689,
527, 18, 16499,   25,   98915,   20400,   78514, 0.0190568,  45, 3.4556385,
528, 12, 23687, 5926,  486709,   65186,  421522, 0.1099008,  32, 1.3347108,
529, 17,  4560, 1563,  417162,   42201,  374960, 0.0810319,  32, 2.1026260,
530,  9,  8801,  192,  237416,   60864,  176551, 0.0506370,  44, 1.6915445,
531,  7, 15198,   72,  185682,   39816,  145865, 0.0388704,  45, 2.5224287,
532, 15, 10864, 1656,  463427,   34776,  428650, 0.0968394,  32, 1.6877418,
533, 11, 56773,  140,  164271,   41580,  122690, 0.0409800,  34, 2.0623681,
534,  7, 62973, 1173,  402570,  184161,  218408, 0.0641871,  33, 0.8964380,
535,  4, 62662,  134,  282558,   55208,  227349, 0.0724683,  45, 1.6728548,
536,  9,  5274,   19,  109908,   16587,   93320, 0.0246355,  45, 1.1559495,
537,  7, 18367,   66,  200130,   39534,  160595, 0.0532974,  45, 2.6487643,
538, 18,  5417,   66,  144022,   31548,  112473, 0.0285428,  45, 2.3932202,
539,  9,  5060,  344,  297497,  103544,  193952, 0.0801896,  44, 1.3484966,
540, 10, 22527, 1801,  630371,   32418,  597952, 0.1443763,  32, 1.0615095,
541, 15, 35328, 2568,  488479,   41088,  447390, 0.1266140,  32, 1.7852993,
542, 20, 14130, 1503,  504825,  353205,  151619, 0.0393920,  33, 2.6420560,
543, 15, 35352,  301,  201836,   89698,  112137, 0.0428727,  34, 2.0074496,
544,  4,  6745, 3819,  544421,  236778,  307642, 0.1146994,  33, 0.3998986,
545, 19, 30060,  204,  175199,   61200,  113998, 0.0468176,  34, 2.9392150,
546,  7, 23625, 8970,  702685,   53820,  648864, 0.1514110,  32, 0.7063328,
547,  5, 32722,  589,  295483,   54188,  241294, 0.0935109,  33, 0.7437391,
548,  8, 14622,   28,  133562,   22988,  110573, 0.0349081,  45, 3.7992822,
549, 11, 49478,   23,  138308,   23230,  115077, 0.0370456,  45, 4.3346390,
550, 13,  4277,  129,  175380,   42054,  133325, 0.0386614,  44, 1.5027460,
551,  8, 39974,  629,  309195,  114478,  194716, 0.0776530,  33, 1.1079996,
552, 13, 18748, 8771,  683943,  201733,  482209, 0.1275271,  32, 1.3232569,
553,  9, 39134, 3097,  485049,   40261,  444787, 0.1187617,  32, 0.9325026,
554,  9, 17103, 7139,  731634,   64251,  667382, 0.1655529,  32, 0.8442832,
555,  8,  6455,  657,  302727,  112347,  190379, 0.0649122,  33, 0.9507482,
556,  9, 11158, 7334,  690661,   73340,  617320, 0.1380640,  32, 0.9028101,
557, 18,  6210, 4682,  520398,  131096,  389301, 0.1047994,  32, 2.1200046,
558, 16,  6948,   55,  131462,   23815,  107646, 0.0298175,  44, 2.3240338,
559,  6, 11595, 5889,  621131,   41223,  579907, 0.1675327,  32, 0.5980764,
560, 11,  8780, 6116,  548820,  110088,  438731, 0.1099465,  32, 1.1703381,
561, 10,  9657,  695,  322385,  147340,  175044, 0.0509121,  33, 1.2024472,
562, 13,  6109,  787,  330049,  181797,  148251, 0.0558141,  33, 1.5364403,
563, 11, 10107, 5472,  603358,   65664,  537693, 0.1455323,  32, 1.1419112,
564, 19, 11780,   11,   82960,   19162,   63797, 0.0172400,  45, 4.0239575,
565, 16,  5390, 3174,  463743,   41262,  422480, 0.1151489,  32, 1.8240800,
566, 18, 13192,   11,   74717,   16995,   57721, 0.0140956,  45, 3.7727757,
567, 13, 15421,   11,   91661,   13805,   77855, 0.0204065,  45, 3.7095869,
568, 19, 39307, 2411,  518062,  115728,  402333, 0.0786183,  32, 2.5138332,
569,  9, 13549, 4773,  524443,   81141,  443301, 0.1751996,  32, 0.9261767,
570,  7, 27241, 9101,  525203,   45505,  479697, 0.1378139,  32, 0.7358437,
571, 19, 25378,  589,  277791,  138415,  139375, 0.0415921,  33, 2.5903591,
572, 18, 17688, 3931,  503229,  117930,  385298, 0.0871540,  32, 2.3017448,
573, 14,  4845,  930,  398991,  221340,  177650, 0.0611076,  33, 1.8753931,
574, 10, 36844, 6426,  600859,   89964,  510894, 0.1467552,  32, 0.9724675,
575, 17,  7935,  691,  320742,  165840,  154901, 0.0529538,  33, 2.2577392,
576, 20, 51761,   20,   85065,   19060,   66004, 0.0152945,  45, 4.3211775,
577, 19, 43884,  128,  156378,   38912,  117465, 0.0337014,  44, 3.8405369,
578,  6, 27985,   11,  139731,   11341,  128389, 0.0366491,  45, 10.6350486,
579,  7, 14035,  450,  264581,   58050,  206530, 0.0593145,  33, 0.9698933,
580, 17, 28911,   36,  107615,   22356,   85258, 0.0221981,  45, 3.2901618,
581, 15, 31082,   19,  117608,   22515,   95092, 0.0303538,  45, 3.7245024,
582, 10, 11157,   50,  152025,   31000,  121024, 0.0373705,  45, 2.8515232,
583, 14,  6895, 4382,  622910,   87640,  535269, 0.1262595,  32, 1.4986506,
584, 16, 11387, 9578,  743730,  296918,  446811, 0.1017353,  32, 1.8088528,
585, 15,  9077,  145,  183287,   46255,  137031, 0.0634812,  44, 2.4489414,
586,  9, 14458, 1778,  593133,  341376,  251756, 0.0989788,  33, 1.0128570,
587,  7, 21820,  865,  407446,  139265,  268180, 0.0751652,  33, 0.9843340,
588,  6,  4174,   49,  225016,   39641,  185374, 0.0632252,  45, 0.6897525,
589,  9,  4029,   97,  190196,   36472,  153723, 0.0467930,  44, 0.9971912,
590,  8, 25961,   18,  109013,   16164,   92848, 0.0332855,  45, 6.5144741,
591,  9, 22641, 5172,  526838,   87924,  438913, 0.1260773,  32, 0.9239257,
592, 11, 29309,  205,  205687,   60885,  144801, 0.0645726,  34, 1.8242727,
593, 12, 15221,  417,  258694,   97995,  160698, 0.0590934,  33, 1.5169014,
594,  5, 50568,  617,  300075,   58615,  241459, 0.1049907,  33, 0.8402558,
595,  7, 14560,   67,  191895,   39999,  151895, 0.0467309,  45, 2.3168166,
596,  5, 34722,  841,  313271,   68962,  244308, 0.0781919,  33, 0.6482895,
597,  6, 57825,   10,  147212,    9940,  137271, 0.0601333,  45, 13.7729971,
598, 17, 27133,   64,  142281,   31360,  110920, 0.0325306,  45, 3.0555802,
599, 20, 11867,   46,  116952,   25300,   91651, 0.0252604,  45, 4.0941713,
600,  8, 14695,   13,  118452,   13507,  104944, 0.0408361,  45, 2.9345932,
601,  4, 19330,   89,  272946,   54557,  218388, 0.0716889,  45, 2.3616796,
602, 19, 18255,  971,  361267,  233040,  128226, 0.0367448,  33, 2.3799691,
603, 10, 37369,  320,  271189,   94080,  177108, 0.0709163,  34, 1.6585622,
604, 18,  5207,   45,  111666,   24210,   87455, 0.0233157,  45, 3.0182880,
605, 16, 33673, 3550,  513607,  106500,  407106, 0.1005163,  32, 1.8359016,
606, 12, 46698,  115,  154351,   36800,  117550, 0.0365321,  44, 2.6226246,
607, 12, 43677,  204,  223683,   60792,  162890, 0.0729128,  34, 2.1513742,
608, 17, 28444, 5767,  715921,  178777,  537143, 0.1072326,  32, 2.0524324,
609, 16, 40676,   13,   90399,   17654,   72744, 0.0169737,  45, 4.2569790,
610, 10, 47300, 1712,  549596,   34240,  515355, 0.1318022,  32, 1.1278981,
611, 13, 14942,   49,  137486,   27342,  110143, 0.0366661,  45, 3.5057459,
612,  7,  4478,  170,  234475,   55250,  179224, 0.0574331,  44, 0.8750882,
613, 15,  4689, 5577,  648374,  172887,  475486, 0.1356707,  32, 1.7066932,
614, 10, 60977,  128,  189821,   42496,  147324, 0.0525958,  44, 1.9018412,
615, 20,  6331, 1028,  387390,  243636,  143753, 0.0434919,  33, 3.0134514,
616,  6,  9580,  128,  225992,   48000,  177991, 0.0687785,  45, 1.6346461,
617, 15, 16895,  725,  355220,  171100,  184119, 0.0565819,  33, 1.9970451,
618, 10, 30212,  184,  202352,   57040,  145311, 0.0421896,  44, 1.6754161,
619, 10, 37405,  141,  222367,   48786,  173580, 0.0552008,  44, 1.9773420,
620, 12,  5802,  324,  241973,   96552,  145420, 0.0648004,  34, 1.6197884,
621,  8, 47819,  730,  437479,  215350,  222128, 0.0708943,  34, 1.1729019,
622,  6, 30642,  114,  188640,   45942,  142697, 0.0463689,  45, 2.0653391,
623, 13,  9775,  974,  411951,  227916,  184034, 0.0562508,  33, 1.6696853,
624, 19,  4644,  255,  200893,   75990,  124902, 0.0645706,  34, 2.4165994,
625, 12, 26829,  154,  207451,   52514,  154936, 0.0544375,  45, 2.3997492,
626, 12, 17106,   81,  169405,   33048,  136356, 0.0454195,  44, 3.1743623,
627,  9, 21908,  215,  250651,   66435,  184215, 0.0609596,  44, 1.6168409,
628, 16, 10665, 4825,  522557,  120625,  401931, 0.1331383,  32, 2.0373481,
629,  6, 45678,   23,  180719,   21390,  159328, 0.0535316,  45, 7.1021104,
630, 15,  4532, 5019,  582500,  110418,  472081, 0.0981455,  32, 1.7668404,
631, 14, 14381, 3901,  508185,   39010,  469174, 0.1225225,  32, 1.5772800,
632, 18,  8616, 1337,  426778,   33425,  393352, 0.0896426,  32, 2.5846122,
633,  7,  4290,  184,  232477,   55936,  176540, 0.0588745,  44, 0.8315595,
634, 15, 59128, 1252,  466720,  294220,  172499, 0.0483929,  33, 2.0299491,
635,  9, 61659,   30,  143328,   25290,  118037, 0.0345552,  45, 5.6738800,
636,  6,  6423,  210,  311946,   70980,  240965, 0.0683311,  45, 1.2491291,
637, 12, 63248,   10,   98471,   63940,   34530, 0.0108641,   2, 5.2759536,
638,  5, 35700,   14,  121410,   13006,  108403, 0.0367827,  45, 7.7890396,
639, 10, 30043,   42,  161285,   29568,  131716, 0.0415281,  45, 6.0984914,
640,  7, 17870,  361,  292379,   58121,  234257, 0.0770786,  33, 1.7511527,
641, 19, 39502, 1103,  405278,  261411,  143866, 0.0517849,  33, 3.5290099,
642, 10,  8929, 2728,  681225,   32736,  648488, 0.1418374,  32, 1.5554584,
643, 16, 11719,  117,  172018,   39897,  132120, 0.0388385,  44, 3.7268759,
644, 11, 13899,   47,  139269,   28576,  110692, 0.0336323,  45, 5.8763511,
645,  8, 48686, 2134,  602626,   10670,  591955, 0.1609706,  32, 1.1356824,
646,  5, 38559,   45,  201728,   34695,  167032, 0.0477664,  45, 4.5690457,
647, 13, 13230,   54,  144514,   29376,  115137, 0.0338010,  45, 5.4255042,
648, 11, 42228,  811,  381156,  183286,  197869, 0.0676069,  33, 1.9838370,
649, 10, 19637,   23,  146323,   22609,  123713, 0.0364208,  45, 5.2747345,
650,  5,  6327,  115,  260418,   54395,  206022, 0.0611875,  45, 0.9301266,
651, 13, 11805, 6621,  593282,  119178,  474103, 0.1043561,  32, 1.5200901,
652, 18,  6161,  660,  280457,  154440,  126016, 0.0383720,  33, 2.5541372,
653,  4, 10471, 7486,  761137,   44916,  716220, 0.2327535,  32, 0.4267057,
654, 16, 20554, 5069,  373755,   86173,  287581, 0.0604688,  32, 1.9266595,
655, 13,  4290,  534,  316781,  159666,  157114, 0.0559492,  34, 1.6907115,
656,  6, 13746,   53,  209905,   39008,  170896, 0.0566560,  45, 3.6988738,
657, 15, 15712,  316,  229210,   94168,  135041, 0.0532932,  34, 2.2639572,
658, 18, 13113,  462,  262893,  138138,  124754, 0.0452903,  34, 2.9414420,
659,  7,  5036, 1079,  386643,  159692,  226950, 0.0679325,  33, 0.9825830,
660, 13, 10103,  529,  278699,  123257,  155441, 0.0506520,  33, 1.6746918,
661, 11, 50375,   86,  192130,   36464,  155665, 0.0524701,  44, 2.8582648,
662, 18, 16185,   25,  108833,   23775,   85057, 0.0191441,  45, 4.0258049,
663, 19, 17761,   26,  107509,   23894,   83614, 0.0220708,  45, 4.3167344,
664,  5, 54264, 4309,  757390,  448136,  309253, 0.1413464,  33, 0.6284538,
665, 10,  4060, 6213,  559252,  111834,  447417, 0.1179718,  32, 1.1015276,
666, 12, 25430,   14,  106815,   16548,   90266, 0.0331422,  45, 4.2415479,
667, 18,  6979,   14,   90756,   19712,   71043, 0.0162463,  45, 3.0387281,
668,  9, 62516, 2380,  598236,   23800,  574435, 0.1480021,  32, 1.1416206,
669,  8, 53409,   27,  118271,   21357,   96913, 0.0266985,  45, 4.3912576,
670, 18,  6274,  105,  158855,   35805,  123049, 0.0383813,  44, 2.6274902,
671, 10, 13352,  139,  225857,   48372,  177484, 0.0571210,  44, 2.0710535,
672, 20, 36627,  509,  262353,  119615,  142737, 0.0440301,  33, 2.9512660,
673,  5,  8287,  143,  240601,   53482,  187118, 0.0562324,  45, 1.5740216,
674, 12, 46348, 4130,  578522,   74340,  504181, 0.1229336,  32, 1.4187392,
675,  4, 29018, 3537,  550676,  244053,  306622, 0.0968951,  33, 0.4952197,
676, 18, 31660,   53,  134955,   28355,  106599, 0.0290975,  45, 3.6745978,
677,  9,  4132, 3632,  529634,   36320,  493313, 0.1253384,  32, 0.9544516,
678,  6, 11287, 1234,  479523,  133272,  346250, 0.1522771,  33, 0.7961356,
679, 10,  5245,  567,  321757,  122472,  199284, 0.0777344,  33, 1.3637120,
680, 11, 11979, 1803,  569667,   25242,  544424, 0.1178624,  32, 1.3182348,
681, 19,  5252,  265,  188469,   78705,  109763, 0.0485172,  34, 3.0994658,
682, 11, 18714,  458,  269856,  108546,  161309, 0.0561691,  33, 1.6075680,
683, 11, 35954, 7651,  563547,  114765,  448781, 0.0991339,  32, 1.1934252,
684, 15, 60595,   22,  112534,   21230,   91303, 0.0251333,  45, 4.0224555,
685, 13, 12894,  116,  155419,   38396,  117022, 0.0356109,  44, 2.3352026,
686, 16,  7832,  192,  184554,   57216,  127337, 0.0474318,  34, 2.4533567,
687, 20,  8076, 1496,  362326,   44880,  317445, 0.0881445,  32, 2.7978043,
688, 12, 52421, 7505,  687940,  127585,  560354, 0.1196197,  32, 1.4151373,
689, 13, 22987,   81,  139964,   28836,  111127, 0.0374745,  44, 3.5821150,
690, 13,  8595,  118,  175655,   39176,  136478, 0.0512746,  44, 2.6322457,
691, 11, 52332,  273,  217428,   80262,  137165, 0.0569196,  34, 1.7896897,
692,  8, 33083,  385,  293740,   62370,  231369, 0.0701809,  33, 1.2832897,
693,  9, 26717,   61,  156281,   27328,  128952, 0.0414958,  44, 2.6811913,
694, 14,  7118,   25,  108038,   21800,   86237, 0.0222078,  45, 2.1626504,
695, 20, 30709, 8581,  739546,  351821,  387724, 0.0782730,  32, 2.7587602,
696,  9, 49057, 1114,  446561,  211660,  234900, 0.0853792,  33, 1.2643738,
697,  7, 55693, 7609,  490321,   68481,  421839, 0.1091783,  32, 0.7854953,
698,  5,  9483,  683,  404025,   60787,  343237, 0.1265214,  33, 0.8147043,
699, 11,  7317,  291,  242346,   87300,  155045, 0.0524635,  34, 1.6695653,
700, 12, 41672,  964,  397683,  226540,  171142, 0.0493707,  33, 1.6382809,
701, 12, 44775,  714,  351297,  166362,  184934, 0.0494660,  33, 1.6169647,
702, 20, 11903, 2122,  496903,   80636,  416266, 0.0886420,  32, 2.7689718,
703,  6,  6999,  921,  393263,  105915,  287347, 0.1066486,  33, 0.7740738,
704,  7,  5583,  315,  344783,   93555,  251227, 0.0865192,  44, 0.9813162,
705,  8,  7188,  390,  315239,  115440,  199798, 0.0706579,  34, 1.2630583,
706,  7,  4554,  199,  257858,   64277,  193580, 0.0698083,  44, 0.8787644,
707, 11,  5158,   67,  159199,   29614,  129584, 0.0385664,  44, 1.4190395,
708,  6, 20580,  300,  272303,   88500,  183802, 0.0668690,  44, 1.2315412,
709,  4, 43371,   35,  114891,   23555,   91335, 0.0307724,  45, 2.7581072,
710, 16, 55925,  523,  302347,  155331,  147015, 0.0568889,  34, 2.2899413,
711, 10,  9620,  858,  362461,  171600,  190860, 0.0676599,  33, 1.1747686,
712, 17,  4220,   66,  151153,   33924,  117228, 0.0415815,  45, 2.3622770,
713, 17, 55819, 3260,  542295,  133660,  408634, 0.0873027,  32, 2.2101925,
714,  7, 21108,  127,  233731,   47117,  186613, 0.0556492,  44, 1.9356891,
715, 18, 51762,   41,  119284,   25584,   93699, 0.0252438,  45, 3.6240139,
716, 11, 26891,   11,  109191,   13706,   95484, 0.0260039,  45, 4.6341268,
717, 13, 14960,  125,  206737,   52125,  154611, 0.0480836,  45, 2.6897160,
718, 10, 42870, 2632,  689671,   18424,  671246, 0.1609737,  32, 1.1597220,
719, 14,  4730, 1097,  410597,  261086,  149510, 0.0480283,  33, 1.7107744,
720, 19, 16320,   54,  120878,   22680,   98197, 0.0287986,  44, 4.0330059,
721,  5,  4364,   31,  138717,   24025,  114691, 0.0360707,  45, 0.6881149,
722,  9,  5898,  322,  256132,   57960,  198171, 0.0649427,  33, 1.5792088,
723, 11, 17270, 1118,  453621,  256022,  197598, 0.0679991,  33, 1.4971861,
724, 13, 53233,   16,  100533,   17824,   82708, 0.0286332,  45, 3.8169783,
725, 11, 11049,  177,  199069,   53985,  145083, 0.0565877,  44, 2.1245320,
726, 16, 14465,   85,  155512,   30940,  124571, 0.0336739,  44, 3.8235202,
727, 11, 58199, 5965,  534962,  119300,  415661, 0.1071805,  32, 1.2329082,
728, 17, 14830,   46,  113066,   24104,   88961, 0.0228586,  45, 3.3297123,
729,  8, 54571, 4932,  627420,   19728,  607691, 0.1376782,  32, 0.8820389,
730,  8, 38612,  996,  372468,  183264,  189203, 0.0584259,  33, 1.0179215,
731, 12, 10213,  286,  214869,   85228,  129640, 0.0401415,  34, 1.7217245,
732,  9,  4419,  131,  215148,   46636,  168511, 0.0603103,  44, 1.0248777,
733, 15, 55075,  504,  258202,  117432,  140769, 0.0567667,  33, 1.9238713,
734, 20, 16497,   46,  114207,   24932,   89274, 0.0273099,  45, 4.1288073,
735, 10,  5269,  928,  389192,  199520,  189671, 0.0462618,  33, 1.1917516,
736, 14, 14505,  278,  202754,   82566,  120187, 0.0430731,  34, 2.0009379,
737,  5, 34303,   11,  145446,   10461,  134984, 0.0469763,  45, 11.4378698,
738, 15, 11375,  554,  309932,  131298,  178633, 0.0565096,  33, 1.8041845,
739, 15,  5255, 3827,  496575,   80367,  416207, 0.0982302,  32, 1.6167555,
740,  5,  5779,  550,  425022,  132550,  292471, 0.0890992,  34, 0.7041434,
741, 17, 30016,   53,  135476,   28620,  106855, 0.0334061,  45, 3.4041998,
742, 17, 48415, 3559,  457143,  124565,  332577, 0.1051855,  32, 1.8668503,
743, 19,  5074, 2019,  410438,   80760,  329677, 0.1153717,  32, 2.2814618,
744, 10, 34176, 2790,  594767,   36270,  558496, 0.1263903,  32, 1.0061196,
745, 14,  4770, 4707,  515755,   94140,  421614, 0.0961339,  32, 1.4106677,
746,  5,  5024,  102,  265018,   55182,  209835, 0.0722193,  45, 0.5455839,
747,  7,  8802,   24,  110807,   19392,   91414, 0.0376481,  45, 1.3513245,
748,  7, 16230,  780,  310951,  127920,  183030, 0.0691364,  33, 0.8368829,
749,  7, 18586,  572,  302244,   79508,  222735, 0.0723176,  33, 1.0222599,
750, 19,  8348,   17,   94063,   22253,   71809, 0.0181194,  45, 3.0457459,
751,  7, 61384, 1571,  493649,  205801,  287847, 0.0901945,  33, 0.7535804,
752, 10, 49721,  545,  340376,  129710,  210665, 0.0794135,  33, 1.3022358,
753, 12,  4161,   32,  134509,   25728,  108780, 0.0305099,  45, 1.6175804,
754,  4,  7372,  113,  278809,   56726,  222082, 0.0694915,  45, 0.8465131,
755, 20, 37138, 4876,  480584,   87768,  392815, 0.0780044,  32, 2.7215017,
756, 12, 55547,  120,  196300,   42240,  154059, 0.0430083,  44, 2.5431867,
757,  4,  4711,  768,  441514,   54528,  386985, 0.1541049,  33, 0.7121499,
758,  7,  4626,  573,  304800,   85377,  219422, 0.0659780,  33, 1.1186537,
759, 19, 16239, 4557,  619957,  200508,  419448, 0.1002302,  32, 2.5865980,
760,  7, 18514, 6733,  480654,   33665,  446988, 0.1145136,  32, 0.7514640,
761, 11, 19566,  349,  261177,  104002,  157174, 0.0556258,  34, 1.5869176,
762,  7, 41947,  197,  222983,   58312,  164670, 0.0523851,  34, 1.3579685,
763,  9, 14090, 1210,  451002,  233530,  217471, 0.0693921,  33, 1.1262243,
764, 10, 12070,   11,  107332,   12617,   94714, 0.0330264,  45, 2.4229610,
765,  7, 28788,   20,  175262,   19120,  156141, 0.0602256,  45, 8.5139304,
766,  9, 16452,  305,  223058,   65880,  157177, 0.0494445,  33, 1.4112273,
767,  6, 42358,   61,  202411,   40138,  162272, 0.0534485,  45, 3.1491926,
768,  6,  4991,   30,  208427,   27420,  181006, 0.0562960,  45, 0.7929814,
769,  5, 13090,  382,  357995,  120330,  237664, 0.0767676,  35, 1.0820046,
770, 18, 40514,   11,   78215,   17534,   60680, 0.0159706,  45, 3.9506216,
771,  6, 34421,  268,  263166,   37788,  225377, 0.0830221,  33, 1.2891816,
772,  9, 30543, 1796,  567634,  290952,  276681, 0.0946366,  33, 1.0732599,
773,  4, 56058, 8089,  761126,   32356,  728769, 0.1951475,  32, 0.4569857,
774,  6,  8201,  317,  318582,   94149,  224432, 0.0785486,  34, 1.1689414,
775, 19, 34879,   71,  144677,   32873,  111803, 0.0297666,  45, 3.9590255,
776, 12, 32922, 5917,  581317,  147925,  433391, 0.1018249,  32, 1.3629988,
777, 10, 11994,  191,  208983,   57109,  151873, 0.0488300,  44, 1.7788467,
778, 19, 25049, 1361,  477426,  319835,  157590, 0.0487118,  33, 2.7451315,
779, 14,  5033,   28,  118858,   23492,   95365, 0.0301344,  45, 2.0179682,
780, 18,  7142,  478,  265331,  112808,  152522, 0.0441717,  33, 2.8596895,
781, 16, 61494,  430,  260859,  101910,  158948, 0.0421112,  33, 2.2810836,
782, 10, 19427, 9194,  522970,   82746,  440223, 0.0967911,  32, 1.1092016,
783, 20, 27277,  334,  223202,   99532,  123669, 0.0307712,  34, 3.2072550,
784, 14,  7988,   28,   99989,   20972,   79016, 0.0196808,  45, 2.3991291,
785, 10, 47385,  356,  266612,  105376,  161235, 0.0664741,  34, 1.5753117,
786,  5, 18778,  656,  350111,   67568,  282542, 0.1094886,  33, 0.8842761,
787, 10,  5645,   32,  149619,   26432,  123186, 0.0369279,  45, 1.5278159,
788,  4, 42218, 5160,  597392,  278640,  318751, 0.0835779,  33, 0.4385526,
789, 10, 41282,   10,  110521,   72870,   37650, 0.0112864,   2, 5.2311944,
790,  5, 22189, 9237,  718134,   46185,  671948, 0.1696359,  32, 0.5338623,
791, 13, 49414,  355,  248062,  105790,  142271, 0.0513835,  34, 1.9196825,
792, 13, 41619,   63,  158343,   27279,  131063, 0.0339676,  44, 3.5939937,
793, 19, 17203, 7573,  619829,  242336,  377492, 0.0972408,  32, 2.4707310,
794,  7, 15148, 6416,  559210,   64160,  495049, 0.1217840,  32, 0.7286250,
795, 11,  8351,   60,  168274,   34800,  133473, 0.0381749,  45, 1.7117418,
796,  4, 21352, 4633,  611641,    9266,  602374, 0.1481660,  32, 0.4248405,
797,  9, 20955, 2098,  507752,   25176,  482575, 0.1102773,  32, 1.0345796,
798, 19,  7727,   60,  131907,   29220,  102686, 0.0329030,  45, 3.1624736,
799,  4, 29670,   72,  218269,   45936,  172332, 0.0602042,  45, 2.9276577,
800, 14, 14007, 1363,  495180,  317579,  177600, 0.0560053,  33, 1.7547772,
801, 12, 46993,  250,  232078,   75750,  156327, 0.0586249,  44, 2.1311118,
802, 17,  5592,   24,  101555,   21432,   80122, 0.0311285,  45, 2.5230864,
803,  7, 48426, 2175,  495531,   17400,  478130, 0.1375358,  32, 0.8281984,
804, 13,  4788,  453,  247654,  102378,  145275, 0.0478918,  33, 1.9255914,
805, 12, 10100, 6042,  687939,  102714,  585224, 0.1264062,  32, 1.3402663,
806, 15, 48668, 3102,  480523,   52734,  427788, 0.1327474,  32, 1.7808372,
807, 16,  4586,   27,  101673,   21141,   80531, 0.0226841,  45, 2.2863744,
808,  9, 10459, 8387,  584047,  109031,  475015, 0.1160379,  32, 0.9516195,
809, 15,  5886, 3816,  494830,   64872,  429957, 0.1120785,  32, 1.6945217,
810,  6, 10702,   16,  122634,   15264,  107369, 0.0358796,  45, 1.6159158,
811,  9, 13027,   26,  142793,   22672,  120120, 0.0360396,  45, 4.6533258,
812, 12,  7390,   36,  140186,   27144,  113041, 0.0307315,  45, 1.9112336,
813, 12, 59933,   96,  180611,   36576,  144034, 0.0440794,  44, 2.4331628,
814, 18, 58041, 1532,  398559,   44428,  354130, 0.0904221,  32, 2.2630298,
815,  8, 18721,  949,  467855,  167024,  300830, 0.0984548,  33, 1.1397047,
816,  6, 29210, 8079,  539327,   32316,  507010, 0.1401973,  32, 0.6145605,
817,  8, 35284,   16,  132446,   16496,  115949, 0.0360131,  45, 6.9583233,
818,  6, 44267,  377,  325551,   43355,  282195, 0.0806607,  43, 1.0861342,
819, 12, 32172, 3948,  436967,   27636,  409330, 0.1188929,  32, 1.2135519,
820,  8, 31146,   30,  164862,   26670,  138191, 0.0504623,  45, 3.6937382,
821, 13, 44896, 1381,  504333,  323154,  181178, 0.0508074,  33, 1.4321403,
822,  4, 25634,  727,  317231,   50890,  266340, 0.0890106,  33, 0.5363683,
823,  4, 43451,  238,  304587,   59024,  245562, 0.0971730,  44, 1.4128453,
824,  4,  6051,   16,  232496,   15312,  217183, 0.0810431,  45, 0.5799946,
825, 10, 32441,   19,  113594,   18544,   95049, 0.0275958,  45, 4.3667698,
826,  7,  7628, 1042,  384353,  158384,  225968, 0.0720349,  33, 0.7623039,
827, 11, 20726,   28,  121615,   23772,   97842, 0.0316377,  45, 4.1678824,
828, 10, 42636,  164,  208168,   51988,  156179, 0.0449920,  44, 1.8425400,
829,  5, 42652,   14,  180735,   12796,  167938, 0.0557208,  45, 9.2210072,
830, 11, 43112,   40,  144760,   27680,  117079, 0.0346166,  45, 4.1770082,
831, 16, 59271,   36,  121736,   24840,   96895, 0.0317013,  45, 3.8997133,
832,  5, 37866, 2462,  461151,  241276,  219874, 0.0654453,  33, 0.5929054,
833, 19,  6777,  359,  222763,  106982,  115780, 0.0490835,  34, 3.0155126,
834,  7, 41232,   11,  129796,   11407,  118388, 0.0447118,  45, 11.5176257,
835, 19, 13885,   29,   97734,   20126,   77607, 0.0210638,  45, 4.0275305,
836,  9, 16078,   80,  175868,   32320,  143547, 0.0433208,  44, 2.6517827,
837, 12,  7153,   59,  155030,   32096,  122933, 0.0329487,  45, 1.6935851,
838,  4, 10512,   16,  108875,   13760,   95114, 0.0417275,  45, 1.2981013,
839, 20,  8660,   31,  105892,   23157,   82734, 0.0193147,  45, 3.6151708,
840,  7, 32871,  172,  269794,   59168,  210625, 0.0666804,  44, 1.8967953,
841, 16, 39506, 1095,  424048,  259515,  164532, 0.0510451,  33, 2.1377229,
842,  6,  5940, 1706,  460693,  240546,  220146, 0.0826437,  33, 0.7109356,
843, 12, 16307, 1673,  438230,   16730,  421499, 0.1373184,  32, 1.4200856,
844, 20,  8296, 1762,  372143,   37002,  335140, 0.0880307,  32, 2.6317947,
845,  5, 17815,  258,  343491,   78948,  264542, 0.1061255,  35, 1.2921789,
846, 16, 34942, 2614,  481265,   52280,  428984, 0.0890576,  32, 2.0540905,
847, 15, 34844, 4405,  485422,  105720,  379701, 0.0988693,  32, 1.7861704,
848, 20, 12370,  465,  229199,  109740,  119458, 0.0303324,  33, 2.9514418,
849, 15,  4289, 3894,  524027,  116820,  407206, 0.0970147,  32, 1.7569598,
850, 19, 50670,  568,  278592,  135184,  143407, 0.0461272,  33, 2.7421480,
851, 10, 37717,  564,  318648,  122388,  196259, 0.0575121,  33, 1.4981633,
852,  9, 17457, 3650,  505083,   58400,  446682, 0.1259398,  32, 0.9547984,
853,  9,  4083, 6555,  553293,   72105,  481187, 0.1135019,  32, 0.9815295,
854, 17, 29371,  249,  190505,   74451,  116053, 0.0486583,  34, 2.4005818,
855, 15,  4461,   84,  145036,   29736,  115299, 0.0395014,  44, 1.6521450,
856, 19,  4669,  541,  273918,  127676,  146241, 0.0434876,  33, 2.3043988,
857, 14, 11814,   19,   94896,   18354,   76541, 0.0222366,  45, 2.8669821,
858,  4, 50947, 1594,  414476,  137084,  277391, 0.1063861,  33, 0.4950408,
859, 19, 39094,   75,  142014,   33600,  108413, 0.0372070,  45, 3.5133705,
860, 17, 61163,   35,  108808,   22610,   86197, 0.0234478,  45, 3.1320843,
861, 14, 31392,  130,  171743,   41600,  130142, 0.0364408,  44, 2.1906325,
862,  7, 29644,   34,  121390,   24480,   96909, 0.0294671,  45, 2.7168189,
863,  4, 21774,   28,  232253,   24780,  207472, 0.0728703,  45, 6.6633009,
864, 10, 11952,  410,  275068,   87330,  187737, 0.0703773,  33, 1.2879727,
865,  7,  5633,   54,  233261,   40608,  192652, 0.0591505,  45, 0.9683405,
866, 19, 22234,  643,  296561,  154320,  142240, 0.0449769,  33, 2.4845698,
867, 15, 16074,  507,  283481,  119652,  163828, 0.0510252,  33, 1.7612495,
868,  8, 18782,   53,  202726,   37259,  165466, 0.0494782,  45, 3.0537726,
869, 19,  7522,  444,  232378,  105672,  126705, 0.0382708,  33, 2.4471446,
870, 10, 14401,   17,  137169,   18411,  118757, 0.0350424,  45, 3.6311753,
871,  6, 26371,  256,  316428,   76032,  240395, 0.0738307,  34, 1.2924487,
872, 10,  9803,   65,  175948,   37115,  138832, 0.0428370,  45, 2.5439439,
873, 17,  4606, 4093,  541592,  135069,  406522, 0.1101625,  32, 1.8953483,
874, 19, 18081,   38,  108483,   23294,   85188, 0.0253046,  45, 3.7126572,
875,  7,  9339,  616,  285449,   95480,  189968, 0.0594958,  33, 0.9379617,
876, 20, 16931, 2441,  516813,   92758,  424054, 0.1015070,  32, 2.5962994,
877, 12,  6037,   30,  142920,   24960,  117959, 0.0351890,  45, 1.6022879,
878, 18,  7118,   42,  122963,   25872,   97090, 0.0247240,  45, 2.6719049,
879, 14,  4244, 8475,  650607,  237300,  413306, 0.1038342,  32, 1.5278610,
880,  4, 38077, 2058,  587273,  131712,  455560, 0.1184923,  33, 0.5115263,
881,  4, 45730, 2565,  414021,  156465,  257555, 0.1416232,  33, 0.4394976,
882, 15,  7876,  983,  395743,  229039,  166703, 0.0446970,  33, 1.7706181,
883,  4, 11428, 2592,  554894,  178848,  376045, 0.1266039,  33, 0.4610939,
884, 12, 51203, 2510,  670603,   42670,  627932, 0.1508828,  32, 1.2823192,
885,  4, 26617, 5209,  764054,  427138,  336915, 0.0914367,  33, 0.3842050,
886, 15, 50605,  166,  174077,   49634,  124442, 0.0547334,  34, 2.3119691,
887,  9,  4023,   12,  108762,   12612,   96149, 0.0285300,  45, 1.2110820,
888, 20,  9828, 5371,  491643,  128904,  362738, 0.0774340,  32, 2.5929432,
889, 11,  8392,  509,  307046,  114016,  193029, 0.0542342,  33, 1.4621836,
890,  9,  4250,  674,  340171,  105818,  234352, 0.0695617,  33, 1.0474809,
891,  8, 31380,  763,  362837,  121317,  241519, 0.0622961,  33, 0.9803434,
892, 20, 33767,   23,   91848,   19872,   71975, 0.0167079,  45, 3.8831210,
893, 12, 27910, 5632,  655610,  123904,  531705, 0.1391671,  32, 1.2963848,
894, 18, 59933,   21,  104726,   24297,   80428, 0.0194144,  45, 3.4837855,
895, 20, 13786, 5710,  535503,  211270,  324232, 0.0840593,  32, 2.3730217,
896,  5, 44353,   17,  182594,   16575,  166018, 0.0614505,  45, 6.4249846,
897,  7, 23650, 4762,  781975,   42858,  739116, 0.1794820,  32, 0.6648027,
898, 20, 30893,  508,  256860,  121412,  135447, 0.0459259,  33, 2.8547363,
899, 15, 36975, 1614,  481118,   48420,  432697, 0.1019223,  32, 1.7512807,
900, 15, 24661,  221,  192878,   66300,  126577, 0.0470433,  44, 2.1582460,
901,  5, 51922,   79,  231372,   46689,  184682, 0.0549835,  45, 2.4234619,
902,  5, 10787,  627,  466612,   58311,  408300, 0.1357077,  33, 0.8027236,
903, 11,  5674,   61,  174862,   35380,  139481, 0.0381022,  45, 1.4506834,
904,  8, 18780,   72,  189110,   39024,  150085, 0.0471781,  45, 2.3667852,
905, 11,  4930, 4777,  545608,   47770,  497837, 0.1426654,  32, 1.0459090,
906,  6, 10714,   18,  160636,   17208,  143427, 0.0592623,  45, 1.4511115,
907, 11, 12229,  197,  241963,   62252,  179710, 0.0670649,  44, 2.0592355,
908,  7,  6395,  139,  207453,   47260,  160192, 0.0472394,  44, 0.9069250,
909,  7, 62269, 2140,  579864,  297460,  282403, 0.0873047,  33, 0.8325798,
910, 20,  7618, 1107,  387238,  259038,  128199, 0.0387634,  33, 2.5106406,
911, 20,  5858,  401,  232327,  119498,  112828, 0.0455853,  34, 2.6442961,
912, 18, 20148, 3610,  509093,  108300,  400792, 0.0838915,  32, 2.0993712,
913,  7, 22173,  104,  177943,   38792,  139150, 0.0460354,  44, 1.6701785,
914, 20,  4865,  543,  245970,  129234,  116735, 0.0405173,  33, 2.6386309,
915, 17,  5176,   52,  134254,   28184,  106069, 0.0288049,  45, 2.0627231,
916,  5, 38675,   13,  184957,   12753,  172203, 0.0514379,  45, 8.8105387,
917, 15, 22215,   82,  144347,   29356,  114990, 0.0344431,  44, 2.9604717,
918, 15,  7761,  783,  360809,  186354,  174454, 0.0483391,  33, 1.8736712,
919, 16, 12398,  338,  231949,  101738,  130210, 0.0505994,  44, 2.2553956,
920, 13,  9628, 4706,  466605,  117650,  348954, 0.0806590,  32, 1.3105158,
921, 19,  8098,   16,   92626,   24752,   67873, 0.0163809,  45, 3.1159049,
922, 20, 13620,   38,  108142,   23750,   84391, 0.0243425,  45, 4.0861856,
923, 15, 19531,  472,  285300,  140184,  145115, 0.0465146,  34, 2.1717953,
924,  6, 14463,   30,  162411,   25710,  136700, 0.0406633,  45, 4.4792536,
925, 15, 45041,  138,  184848,   44988,  139859, 0.0415808,  44, 2.4619678,
926, 12, 10211,  248,  239975,   74648,  165326, 0.0533773,  44, 1.9755045,
927,  8, 22428, 1827,  545791,  303282,  242508, 0.0807771,  33, 0.8165001,
928, 10, 38179,   31,  141593,   26319,  115273, 0.0338083,  45, 4.7512330,
929,  5, 11748,   21,  106257,   17052,   89204, 0.0361638,  45, 1.7271545,
930, 10, 10073, 3225,  515075,   58050,  457024, 0.1171830,  32, 1.0695093,
931,  6, 46440,  238,  237181,   72590,  164590, 0.0696456,  44, 1.2377499,
932,  8, 58476,   40,  166776,   31960,  134815, 0.0426517,  45, 3.4715596,
933,  7, 51445,  168,  283219,   63000,  220218, 0.0701928,  45, 1.8311791,
934, 18,  6172, 1817,  437690,   34523,  403166, 0.1102436,  32, 1.9863122,
935,  4, 18738, 3285,  629416,  216810,  412605, 0.1222112,  33, 0.4019929,
936, 15, 54394,  240,  208970,   71760,  137209, 0.0516423,  44, 2.1410155,
937,  8, 44846,  715,  304891,  113685,  191205, 0.0833648,  33, 1.0248049,
938, 14, 33147, 6685,  656087,  227290,  428796, 0.1021987,  32, 1.4736083,
939, 17, 41712,  124,  170854,   40548,  130305, 0.0333619,  44, 2.9346221,
940, 20,  5644, 1447,  404766,   53539,  351226, 0.0811774,  32, 2.5112500,
941,  6, 61336,   26,  179229,   22568,  156660, 0.0541315,  45, 4.9657440,
942, 13, 32110, 1564,  550902,  369104,  181797, 0.0588507,  33, 1.4003614,
943, 19, 32714, 7844,  616632,  243164,  373467, 0.1007510,  32, 2.1739678,
944,  9,  7926,   15,  141461,   16395,  125065, 0.0578182,  45, 1.5455800,
945, 20, 47086,  840,  336793,  201600,  135192, 0.0482277,  33, 2.7740807,
946, 14, 11147,  837,  349335,  196695,  152639, 0.0604325,  33, 1.6350723,
947, 20, 19271, 6331,  586931,  208923,  378007, 0.0920880,  32, 2.6012667,
948, 18, 30530, 2234,  455283,   49148,  406134, 0.0993745,  32, 2.1984533,
949,  8, 23677,   85,  169226,   33745,  135480, 0.0410525,  44, 1.8347529,
950, 17, 19980,   26,  106933,   22672,   84260, 0.0214917,  45, 3.0578779,
951,  4, 35133,  551,  253722,   29203,  224518, 0.1095254,  33, 0.7088244,
952, 14, 33360, 1181,  445643,  277535,  168107, 0.0433299,  33, 1.5306127,
953,  5, 39005,   26,  145062,   21684,  123377, 0.0465346,  45, 4.2817998,
954, 13, 32481,  404,  230704,   96152,  134551, 0.0430957,  33, 1.6635861,
955, 17,  4758,   41,  122428,   25625,   96802, 0.0257272,  45, 2.3557167,
956, 16,  4978,   28,  112054,   23856,   88197, 0.0216821,  45, 2.1931577,
957, 13, 15362,  565,  344071,  168935,  175135, 0.0704397,  34, 1.7034474,
958, 16, 47205, 7104,  556844,  234432,  322411, 0.1052572,  32, 1.9547192,
959, 20, 20683, 3709,  645032,  174323,  470708, 0.1003083,  32, 2.4343278,
960, 13, 28689,  219,  220172,   66357,  153814, 0.0519276,  44, 2.2201331,
961,  5, 11415, 3493,  555989,   20958,  535030, 0.1653032,  32, 0.5084041,
962, 11,  5611, 8963,  564369,  143408,  420960, 0.1273908,  32, 1.1794210,
963,  4, 23086,   83,  246301,   51128,  195172, 0.0526762,  45, 2.6556305,
964, 20,  5146, 7622,  691900,  282014,  409885, 0.1082413,  32, 2.3887247,
965, 12, 44403,  290,  210977,   69020,  141956, 0.0525545,  33, 1.5308311,
966,  6,  4223,   76,  185231,   39520,  145710, 0.0462623,  45, 0.6580748,
967, 20,  5306,   84,  137721,   28728,  108992, 0.0322084,  44, 2.7013799,
968, 20, 29091,   82,  133264,   33292,   99971, 0.0378026,  45, 4.1058964,
969, 20, 14737,  283,  205098,   84900,  120197, 0.0403051,  44, 3.0697587,
970, 18, 34536, 1509,  435716,   46779,  388936, 0.0789384,  32, 2.3229738,
971, 12, 21775,  998,  407088,  222554,  184533, 0.0629287,  33, 1.2956827,
972,  9, 18736,   18,  144804,   18072,  126731, 0.0398166,  45, 4.6392415,
973,  5,  6325,  151,  273615,   52246,  221368, 0.0659491,  44, 0.7125280,
974,  4, 52897,   58,  144604,   30276,  114327, 0.0357586,  45, 2.0319687,
975,  4, 55062, 1919,  465153,  130492,  334660, 0.0933208,  33, 0.4904190,
976, 11, 60053, 3086,  612129,   74064,  538064, 0.1380254,  32, 1.3226008,
977, 20, 62961, 7759,  493388,  124144,  369243, 0.0782133,  32, 2.3779113,
978,  7, 56248,   40,  145278,   27520,  117757, 0.0446390,  45, 3.4596155,
979,  4,  4448,   10,  214655,    9520,  205134, 0.0621028,  45, 0.4329847,
980,  8, 19799, 5918,  700857,   59180,  641676, 0.1233831,  32, 0.7615199,
981, 17,  8603,  475,  256616,  112575,  144040, 0.0453951,  33, 1.9990711,
982, 17, 16344, 2553,  564409,  102120,  462288, 0.1006853,  32, 2.1449441,
983, 10, 15841,  266,  247838,   79534,  168303, 0.0608604,  34, 1.5209916,
984, 10,  6151, 4219,  621427,   59066,  562360, 0.1320757,  32, 0.9653260,
985, 16, 21545,  944,  386029,  220896,  165132, 0.0444525,  33, 1.8744398,
986,  8, 24773, 5860,  653426,   29300,  624125, 0.2114520,  32, 0.7454399,
987,  9,  6482,   28,  154518,   23996,  130521, 0.0416630,  45, 1.2487065,
988,  4,  9088,   14,  116038,   12754,  103283, 0.0358857,  45, 0.9640559,
989, 11, 11504,   38,  139420,   26904,  112515, 0.0406294,  45, 3.1799123,
990, 17, 28101, 3660,  557819,  113460,  444358, 0.1190435,  32, 2.0660276,
991,  7, 29990, 5467,  638417,   71071,  567345, 0.1455128,  32, 0.6718871,
992, 11, 15391,   25,  134171,   23950,  110220, 0.0309998,  45, 4.3298936,
993, 12, 51533,  185,  212830,   58645,  154184, 0.0459528,  44, 1.8791516,
994, 10, 20507,   98,  176717,   36652,  140064, 0.0457143,  44, 1.9047852,
995, 10, 29568, 1002,  426666,  232464,  194201, 0.0669787,  33, 1.1625119,
996, 17, 24733, 8000,  712990,  360000,  352989, 0.0979271,  32, 1.8582692,
997,  9,  4199,   24,  132530,   20904,  111625, 0.0386284,  45, 1.1354475,
998, 13,  4946, 1552,  455029,   32592,  422436, 0.0827801,  32, 1.4008931,
999, 15, 13023,  183,  181115,   55083,  126031, 0.0587813,  44, 2.5098448,